protein,pos,ddG,dist_cat,class
p.Met1Leu,1,-0.097620666027069,62.47757773793731,tolerant/other
p.Met1Thr,1,0.0597121715545654,62.47757773793731,tolerant/other
p.Thr12Met,12,0.0428538918495178,39.42907691032089,tolerant/other
p.His46Tyr,46,0.9864166975021362,44.474660302244025,stability (rescuable window)
p.Pro47Arg,47,2.5321550369262695,48.244995844128745,stability (rescuable window)
p.Pro47Thr,47,2.805922031402588,48.244995844128745,stability (rescuable window)
p.Asp58Asn,58,0.4031093120574951,31.456527589675243,tolerant/other
p.Gln230Pro,230,1.5143499374389648,6.785616773735458,stability (rescuable window)
p.Cys299Arg,299,2.0284411907196045,3.4429130108093045,catalytic/active-site
p.Arg310Pro,310,3.8180091381073,16.841565633871454,stability (rescuable window)
p.Met352Ile,352,-0.0442239046096801,11.859704675918366,tolerant/other
p.Gly355Arg,355,1.844480872154236,11.07461737488027,stability (rescuable window)
p.Gly372Arg,372,1.5826241970062256,14.936305132126888,stability (rescuable window)
