resnum,mean_ddG,dist_cat,class
1,0.009872129559516895,62.47757773793731,tolerant/other
2,0.12511274516582485,59.19701098028514,tolerant/other
3,0.09256187379360196,57.26597260153712,tolerant/other
4,0.12454137504100797,53.15911446779376,tolerant/other
5,-0.03368974328041075,52.85849103029711,tolerant/other
6,-0.015156152844429005,47.02692541512788,tolerant/other
7,0.19742576777935028,49.69075794350495,tolerant/other
8,0.2078025221824646,45.17217500851603,tolerant/other
9,0.02635397911071774,42.36398076196335,tolerant/other
10,-0.04672643840312956,42.63943354454888,tolerant/other
11,-0.05924116075038908,42.70386017680369,tolerant/other
12,0.0020744591951370197,39.42907691032089,tolerant/other
13,0.05447447896003722,38.25327357233626,tolerant/other
14,0.14363967478275297,39.21968747963196,tolerant/other
15,0.24560865163803097,39.84488943390357,tolerant/other
16,1.0486419647932053,37.7921208057976,stability (rescuable window)
17,0.623758003115654,42.42853226308919,tolerant/other
18,1.462363201379776,45.21632263906476,stability (rescuable window)
19,1.786811536550522,48.80001552253852,stability (rescuable window)
20,0.5968978404998779,51.266978046301894,tolerant/other
21,0.8308548152446746,52.81163721188731,stability (rescuable window)
22,2.1514857947826385,49.205155095782395,stability (rescuable window)
23,1.107506799697876,47.68609274201442,stability (rescuable window)
24,1.213866662979126,41.193026424384016,stability (rescuable window)
25,1.2896670520305633,44.72912963606603,stability (rescuable window)
26,1.3642096638679504,41.52743465469544,stability (rescuable window)
27,1.7272368550300599,43.4943129730773,stability (rescuable window)
28,0.5369514584541321,42.648658150052036,tolerant/other
29,0.7424178212881088,41.38058073541259,tolerant/other
30,1.5768922924995423,40.61470179627077,stability (rescuable window)
31,0.6427149206399918,42.686817016498196,tolerant/other
32,2.514770233631134,41.1304804372621,stability (rescuable window)
33,1.9755699276924132,45.81193881511674,stability (rescuable window)
34,2.901679801940918,43.33815966328058,stability (rescuable window)
35,-0.19720057696104049,50.44783993393572,tolerant/other
36,1.647321778535843,53.477195588400114,stability (rescuable window)
37,0.31502985656261445,52.43787122872172,tolerant/other
38,-0.0605344071984291,57.48856140137792,tolerant/other
39,0.468752384185791,58.766182060773694,tolerant/other
40,-0.010765096545219413,58.6117415796528,tolerant/other
41,0.5238419502973557,54.87803095046323,tolerant/other
42,0.4011170446872711,53.38655922608236,tolerant/other
43,1.745433408021927,49.64124847342178,stability (rescuable window)
44,1.6665269911289216,46.648292980558246,stability (rescuable window)
45,0.8015463411808014,47.84012848017865,stability (rescuable window)
46,1.582402527332306,44.474660302244025,stability (rescuable window)
47,2.2730403661727907,48.244995844128745,stability (rescuable window)
48,0.5747119903564453,46.61661749848438,tolerant/other
49,1.9291014850139618,43.624754325955806,stability (rescuable window)
50,1.7998122692108154,46.445978254311754,stability (rescuable window)
51,0.8410744369029999,39.328529593667746,stability (rescuable window)
52,0.6963832020759583,41.91991786728595,tolerant/other
53,0.8370591074228286,39.772981205838725,stability (rescuable window)
54,1.1451578170061112,37.21106455074888,stability (rescuable window)
55,1.7130091607570648,36.12586398966812,stability (rescuable window)
56,-0.0004965797066688492,32.60570275273944,tolerant/other
57,0.9457724452018738,32.033064870536506,stability (rescuable window)
58,0.41865078508853915,31.456527589675243,tolerant/other
59,1.424663844704628,32.02337822591489,stability (rescuable window)
60,1.3209194272756577,31.14347690929836,stability (rescuable window)
61,0.8422723174095154,28.991481610983598,stability (rescuable window)
62,1.1248166263103485,32.20904227076614,stability (rescuable window)
63,2.258726382255554,33.80245832776072,stability (rescuable window)
64,0.41354140639305115,37.82141923566592,tolerant/other
65,0.9710709571838378,40.33211427634311,stability (rescuable window)
66,-0.17285657078027725,43.729828812836665,tolerant/other
67,0.5761577695608139,47.3777198586002,tolerant/other
68,2.204307717084885,50.2549365236889,stability (rescuable window)
69,0.3874851018190384,53.82432974965875,tolerant/other
70,0.7227611482143402,54.76799221260535,tolerant/other
71,1.507490986585617,51.05943186131236,stability (rescuable window)
72,0.6890638113021851,49.16437841567815,tolerant/other
73,1.1406610161066055,44.4748267450251,stability (rescuable window)
74,1.6484068870544433,43.45480396918159,stability (rescuable window)
75,2.1425818681716917,40.03497934306948,stability (rescuable window)
76,1.5492068231105804,38.451989155308986,stability (rescuable window)
77,1.8500689625740052,35.206418576731146,stability (rescuable window)
78,0.526416465640068,36.28089570283512,tolerant/other
79,0.961675277352333,31.027791123442867,stability (rescuable window)
80,0.5406933337450027,34.04581275281881,tolerant/other
81,0.32945902049541476,38.36086465396733,tolerant/other
82,0.6106653720140457,35.36906461867489,tolerant/other
83,0.41978771686553956,42.695420843458145,tolerant/other
84,1.2150995314121247,40.846942468194605,stability (rescuable window)
85,1.0776931375265122,44.20603908969905,stability (rescuable window)
86,0.3029862344264984,40.421491684498726,tolerant/other
87,1.740789932012558,37.79204553871092,stability (rescuable window)
88,2.1579790890216826,34.40314790829467,stability (rescuable window)
89,2.100986820459366,34.61528139420507,stability (rescuable window)
90,1.8054096281528473,36.651659253027006,stability (rescuable window)
91,0.3056987524032593,33.34188881872171,tolerant/other
92,0.39843479692935946,29.715320291055253,tolerant/other
93,0.3960380285978317,35.08604875160496,tolerant/other
94,0.9814979523420334,33.489378017514746,stability (rescuable window)
95,0.8332928389310836,37.375116039953646,stability (rescuable window)
96,0.7397810637950897,39.98180033465227,tolerant/other
97,0.5933327555656434,37.967719157199845,tolerant/other
98,0.0365655869245529,37.51010921071811,tolerant/other
99,0.03607185035943984,35.84995504878632,tolerant/other
100,0.08222493231296535,33.58357427374281,tolerant/other
101,0.15575849413871762,30.378724413641862,tolerant/other
102,0.017919498682022084,30.288174408504716,tolerant/other
103,0.0054331243038177445,27.28382234951694,tolerant/other
104,0.18726482689380644,26.98639766623178,tolerant/other
105,0.0844216227531433,20.35594323533056,tolerant/other
106,0.3738022565841675,24.509055142946657,tolerant/other
107,2.2865387320518495,21.217024437936626,stability (rescuable window)
108,0.7698036909103394,18.281379625181465,tolerant/other
109,0.6213967770338058,16.60444365222756,tolerant/other
110,0.30867100358009336,18.806294850395172,tolerant/other
111,2.572914385795593,17.97406801478174,stability (rescuable window)
112,1.9645628571510314,19.125110953926516,stability (rescuable window)
113,1.4679460614919662,17.09789782400164,stability (rescuable window)
114,0.5419825941324234,20.3548165798663,tolerant/other
115,0.8304149568080902,22.545734940338495,stability (rescuable window)
116,2.5271408200263976,18.252590775010546,stability (rescuable window)
117,2.381462049484253,20.458260287717525,stability (rescuable window)
118,0.4366347581148148,24.87820928041245,tolerant/other
119,2.1282444536685943,28.155657069228557,stability (rescuable window)
120,0.8121789813041687,23.72093853539526,stability (rescuable window)
121,0.7735380917787552,26.97079540910872,tolerant/other
122,2.0398152351379393,21.677004659315823,stability (rescuable window)
123,0.6302613705396652,27.48931925312084,tolerant/other
124,1.2671310007572174,26.97428836874107,stability (rescuable window)
125,0.4250121235847473,23.86103887092932,tolerant/other
126,1.6390808999538422,20.42407562167747,stability (rescuable window)
127,2.141521859169006,16.909261781639078,stability (rescuable window)
128,1.6909887373447419,14.09420277986662,stability (rescuable window)
129,1.564946860074997,12.08925382312738,stability (rescuable window)
130,1.7817753553390503,9.020143734996687,stability (rescuable window)
131,1.2815097153186799,10.891480845137634,stability (rescuable window)
132,1.425935372710228,12.54489298479664,stability (rescuable window)
133,-0.22458439767360688,14.048347126975473,tolerant/other
134,0.38783602714538573,12.296689025912624,tolerant/other
135,0.9789507150650024,12.358662184880691,stability (rescuable window)
136,1.9839796006679535,7.94360088373025,stability (rescuable window)
137,1.7376681387424469,10.813963103321557,stability (rescuable window)
138,2.0693487167358398,13.395297495763204,stability (rescuable window)
139,1.6076867640018464,15.126578198654181,stability (rescuable window)
140,1.2206980526447295,12.323898246902235,stability (rescuable window)
141,2.0573495388031007,15.53541792163957,stability (rescuable window)
142,1.8500859916210175,18.157765666513047,stability (rescuable window)
143,0.5947217911481857,18.49066126454108,tolerant/other
144,2.995379555225372,16.54430563668358,stability (rescuable window)
145,1.8287211894989013,21.371520629098903,stability (rescuable window)
146,1.7398440957069397,23.55287986637727,stability (rescuable window)
147,0.812012043595314,23.509932326572102,stability (rescuable window)
148,2.3344069898128508,25.934845652133735,stability (rescuable window)
149,2.015406233072281,22.423388035709504,stability (rescuable window)
150,0.5889142751693726,21.75952825775412,tolerant/other
151,1.9789847135543823,18.48452371580074,stability (rescuable window)
152,1.7165467858314514,16.79025723447976,stability (rescuable window)
153,2.024814802408218,16.71443166847141,stability (rescuable window)
154,2.058586972951889,13.502169640468896,stability (rescuable window)
155,0.5970594555139541,15.10928899716992,tolerant/other
156,1.4844226717948914,13.400642895025596,stability (rescuable window)
157,0.8743475705385209,17.43943995660411,stability (rescuable window)
158,0.8677881568670273,20.415992897726035,stability (rescuable window)
159,0.1498465090990066,22.295675746655448,tolerant/other
160,0.48572864532470705,16.414898750829988,tolerant/other
161,0.918309611082077,19.046112516731597,stability (rescuable window)
162,-0.2296717256307602,21.842906171111938,tolerant/other
163,0.4443836808204651,22.525494112227594,tolerant/other
164,1.393762469291687,19.08545435665601,stability (rescuable window)
165,1.2731145471334457,21.77977835057097,stability (rescuable window)
166,0.11553150266408921,24.591563472052766,tolerant/other
167,0.7345325499773026,19.648085224774448,tolerant/other
168,1.8944116890430451,20.312126181175618,stability (rescuable window)
169,1.5108425438404083,25.922419910185855,stability (rescuable window)
170,0.13658515214920045,27.87181793496793,tolerant/other
171,0.43963055610656737,24.029706552515368,tolerant/other
172,0.792372927069664,28.312100893434245,tolerant/other
173,0.2000869825482368,30.473911793532515,tolerant/other
174,-0.04875717014074325,29.748324961247818,tolerant/other
175,1.9603516161441803,26.232177206629263,stability (rescuable window)
176,0.7140201568603516,24.088462570284555,tolerant/other
177,2.0156881153583526,21.82161396414115,stability (rescuable window)
178,0.79682537317276,20.697809207739837,tolerant/other
179,0.8600824445486068,20.93918835580787,stability (rescuable window)
180,1.7949322760105133,18.188862663729143,stability (rescuable window)
181,-0.040471325814723985,18.43595885762387,tolerant/other
182,1.9988626539707184,13.605686641989076,stability (rescuable window)
183,1.4713685393333436,14.585770737263081,stability (rescuable window)
184,2.174996417760849,9.48939018061751,stability (rescuable window)
185,0.7198221802711486,11.316418028687346,tolerant/other
186,0.4033798277378081,12.936412408392057,tolerant/other
187,1.4759554803371429,11.446564331711064,stability (rescuable window)
188,0.27266518175601956,15.905587603103507,tolerant/other
189,1.37022767663002,17.628314723761882,stability (rescuable window)
190,1.546967589855194,15.314636038770233,stability (rescuable window)
191,0.5912797302007675,18.91869702172959,tolerant/other
192,0.14942724406719207,21.423750511990193,tolerant/other
193,1.1819982439279557,17.346460532339155,stability (rescuable window)
194,1.5210013091564178,20.268144981719466,stability (rescuable window)
195,0.21638382375240325,22.990332642221603,tolerant/other
196,0.4230110883712769,24.145599081406118,tolerant/other
197,1.7539728343486787,21.332678453490082,stability (rescuable window)
198,0.7668127119541168,24.140253229823422,tolerant/other
199,0.40626910626888274,26.998442714349288,tolerant/other
200,0.919308888912201,24.953591004101995,stability (rescuable window)
201,0.7345267236232758,28.34098879714679,tolerant/other
202,0.25148712396621703,24.989917907028026,tolerant/other
203,0.5430551171302795,23.376309268145814,tolerant/other
204,1.665827751159668,18.577847264955107,stability (rescuable window)
205,0.755323588848114,19.44042391513107,tolerant/other
206,1.7490673661231995,15.932420437585746,stability (rescuable window)
207,2.4128372848033903,12.65808397823304,stability (rescuable window)
208,2.095082300901413,10.129289461753968,stability (rescuable window)
209,0.9851984024047852,6.030645156200123,stability (rescuable window)
210,0.9324364751577378,5.147326490519131,catalytic/active-site
211,1.466757094860077,5.1381566733605935,catalytic/active-site
212,0.9831927269697189,3.756741407123999,catalytic/active-site
213,0.3196315452456474,3.253672694048988,catalytic/active-site
214,1.329499465227127,3.5738855605629007,catalytic/active-site
215,0.08029146492481232,5.242703977910636,catalytic/active-site
216,0.20640105307102202,7.241452478612286,tolerant/other
217,0.8566220462322235,10.04509711252211,stability (rescuable window)
218,1.8933119535446168,5.993212911285565,catalytic/active-site
219,0.7994623333215714,7.1553061429962606,tolerant/other
220,1.0234065622091293,5.150762370756392,catalytic/active-site
221,1.6845885038375854,7.720507042934422,stability (rescuable window)
222,0.06780054867267607,10.665813986752255,tolerant/other
223,2.411209934949875,7.984717653117109,stability (rescuable window)
224,1.6059319138526917,4.992949428944779,catalytic/active-site
225,1.4185997396707535,3.8611195267694063,catalytic/active-site
226,0.28326100260019305,2.9980073382165044,catalytic/active-site
227,0.29980991780757904,6.183023613087695,tolerant/other
228,0.48492456376552584,3.8979984607487985,catalytic/active-site
229,1.9501641154289246,4.169600580391364,catalytic/active-site
230,0.8490448236465454,6.785616773735458,stability (rescuable window)
231,1.6741776525974275,7.679062703221012,stability (rescuable window)
232,1.433499962091446,3.6035231371534175,catalytic/active-site
233,0.29329590797424315,6.41360078271169,tolerant/other
234,2.2984862208366392,8.043674036160343,stability (rescuable window)
235,2.3649791836738587,11.288536574773543,stability (rescuable window)
236,0.8389668673276901,6.839055563453188,stability (rescuable window)
237,1.8773433148860932,11.511996568797265,stability (rescuable window)
238,1.5206710517406463,14.232147202723839,stability (rescuable window)
239,2.09301136136055,13.130351137726667,stability (rescuable window)
240,2.2076186180114745,13.176217552848769,stability (rescuable window)
241,0.4398801863193512,16.733484096266384,tolerant/other
242,2.0957874715328217,19.006348018491085,stability (rescuable window)
243,2.0954967558383943,17.404845101292917,stability (rescuable window)
244,0.23340497761964799,18.142136313014518,tolerant/other
245,0.6364201724529266,22.990838283977382,tolerant/other
246,1.1288982838392259,23.06764855809972,stability (rescuable window)
247,2.4999310970306396,17.805262508595597,stability (rescuable window)
248,0.6441351383924484,22.66981693794637,tolerant/other
249,0.46475028395652773,25.860716328052476,tolerant/other
250,1.4859486281871797,24.082335870924148,stability (rescuable window)
251,0.812948927283287,25.05855404846816,stability (rescuable window)
252,1.121104034781456,23.148207252398617,stability (rescuable window)
253,1.5363394916057587,19.436971857776616,stability (rescuable window)
254,1.3410322099924088,15.90261418761079,stability (rescuable window)
255,2.172354817390442,12.759266554155847,stability (rescuable window)
256,2.2154273688793182,9.334602348252442,stability (rescuable window)
257,2.0478670835494994,6.720053943235872,stability (rescuable window)
258,1.4196318447589875,2.9256330938789987,catalytic/active-site
259,0.9460856109857559,2.728456523384604,catalytic/active-site
260,1.5659624695777894,3.7547141036302616,catalytic/active-site
261,0.4231231242418289,6.263518659667263,tolerant/other
262,-0.0021138906478882003,3.5066662230671453,catalytic/active-site
263,1.3889568090438842,3.8685263344069405,catalytic/active-site
264,0.5252312332391739,6.970483627410655,tolerant/other
265,0.9224510282278061,7.655592073771955,stability (rescuable window)
266,1.4366598069667815,6.4765198216326025,stability (rescuable window)
267,-0.28823407292366027,9.556912786041318,tolerant/other
268,2.0373649656772614,7.675546299775673,stability (rescuable window)
269,0.5962418377399444,10.873454510871877,tolerant/other
270,2.276080596446991,12.13549735280759,stability (rescuable window)
271,0.2391632348299026,15.09965579077881,tolerant/other
272,0.28892837166786195,16.91877460101647,tolerant/other
273,1.400703454017639,15.327543345233117,stability (rescuable window)
274,0.709575018286705,11.789979813383907,tolerant/other
275,1.9897580802440644,8.993125652408066,stability (rescuable window)
276,1.2576226085424422,5.708895690061258,catalytic/active-site
277,1.461667549610138,2.9602668798606664,catalytic/active-site
278,0.4100420266389847,3.6395498348010014,catalytic/active-site
279,1.6184486508369447,3.5508987594692143,catalytic/active-site
280,2.4143224179744722,1.3334485366897357,catalytic/active-site
281,1.8516395330429076,0.0,catalytic/active-site
282,2.1536280632019045,1.3463064287152458,catalytic/active-site
283,0.7994720667600632,3.948118285968647,catalytic/active-site
284,0.6271940261125565,7.099403214355414,tolerant/other
285,-0.010220155119895923,9.150215571231094,tolerant/other
286,0.20989953428506852,7.354582924952303,tolerant/other
287,2.5064040958881377,5.927671718305595,catalytic/active-site
288,-0.13034555763006211,4.941996155401173,catalytic/active-site
289,0.40985706746578215,3.0740011385814414,catalytic/active-site
290,0.31217207908630373,3.4009260503574614,catalytic/active-site
291,0.39199318885803225,3.274747165812959,catalytic/active-site
292,1.603513914346695,1.3369053818427101,catalytic/active-site
293,2.6250967383384705,0.0,catalytic/active-site
294,0.26252356469631194,1.3348670345768519,catalytic/active-site
295,1.9169818818569184,3.251402466628825,catalytic/active-site
296,1.3333846986293794,1.3398604404937104,catalytic/active-site
297,1.2940530449151992,0.0,catalytic/active-site
298,2.45258828997612,1.3318216847611386,catalytic/active-site
299,1.1957911759614945,3.4429130108093045,catalytic/active-site
300,1.3462399274110795,3.4944332873872415,catalytic/active-site
301,2.1922980904579163,3.5119033301046314,catalytic/active-site
302,2.517720401287079,5.701419296982113,catalytic/active-site
303,1.6868203639984132,7.3619325587782996,stability (rescuable window)
304,0.43494200706481934,8.087300167546646,tolerant/other
305,0.7251068621873855,9.296727434963337,tolerant/other
306,1.7467509150505065,11.47492801720342,stability (rescuable window)
307,2.161574512720108,12.734257182890566,stability (rescuable window)
308,0.8191540867090226,13.926548172465422,stability (rescuable window)
309,1.7333634495735168,12.99896557422936,stability (rescuable window)
310,1.7228197693824767,16.841565633871454,stability (rescuable window)
311,1.2687703877687455,17.716716400055628,stability (rescuable window)
312,0.4083198219537735,19.449841618892428,tolerant/other
313,0.34316459894180296,21.643327886441124,tolerant/other
314,-0.29710729867219926,21.940085209497248,tolerant/other
315,1.299461793899536,22.116090386865395,stability (rescuable window)
316,2.132170206308365,18.346834876893617,stability (rescuable window)
317,1.5725690722465515,15.818630819385096,stability (rescuable window)
318,0.5947236388921737,11.527149777807175,tolerant/other
319,1.4623929798603057,9.918598691347482,stability (rescuable window)
320,1.516578096151352,6.575157564651969,stability (rescuable window)
321,1.4903295755386352,6.803360640154246,stability (rescuable window)
322,0.8619883835315705,7.078876252626543,stability (rescuable window)
323,0.2804059535264969,6.768431206712527,tolerant/other
324,1.9912033200263977,8.015532109598213,stability (rescuable window)
325,0.36145990192890165,9.73240330031591,tolerant/other
326,0.7306120276451111,8.830599356782075,tolerant/other
327,1.0210852682590486,8.8158525396016,stability (rescuable window)
328,0.44703919291496275,10.98150490597714,tolerant/other
329,-0.22934722751379014,8.555289533382258,tolerant/other
330,0.06153154373168943,12.518343580522144,tolerant/other
331,-0.006134198606014274,8.677461668022511,tolerant/other
332,0.45228569209575653,9.181491599952592,tolerant/other
333,-0.10965743660926816,13.745555390743583,tolerant/other
334,0.07309800833463669,12.213250550119733,tolerant/other
335,0.10188947916030884,13.921244592348774,tolerant/other
336,1.2439549744129181,17.208144990091178,stability (rescuable window)
337,0.022007298469543447,15.987027584888944,tolerant/other
338,0.8196210265159607,10.160838990949516,stability (rescuable window)
339,0.07096589654684067,15.397632870022585,tolerant/other
340,1.0153283178806305,17.618981156695753,stability (rescuable window)
341,1.1871354639530183,13.361004864904437,stability (rescuable window)
342,1.0854114055633546,9.341477452737333,stability (rescuable window)
343,0.04378085434436799,16.56035518942755,tolerant/other
344,1.284799075126648,18.545433777617603,stability (rescuable window)
345,0.384276407957077,15.337835636099378,tolerant/other
346,0.37729633450508115,17.05866811917038,tolerant/other
347,1.421850073337555,19.070759764623958,stability (rescuable window)
348,0.591786316037178,15.485641769071115,tolerant/other
349,0.7981670320034027,13.594949393065058,tolerant/other
350,0.7335259795188904,13.347176517900706,tolerant/other
351,0.9132745742797852,14.047934866022123,stability (rescuable window)
352,0.32937946915626526,11.859704675918366,tolerant/other
353,0.5398691385984421,15.7449277229208,tolerant/other
354,1.2404058694839477,14.03032975378697,stability (rescuable window)
355,1.4820396453142166,11.07461737488027,stability (rescuable window)
356,1.7965662956237793,12.804675122782305,stability (rescuable window)
357,2.1846352398395537,14.296061765395391,stability (rescuable window)
358,1.839124172925949,12.536216574389579,stability (rescuable window)
359,-0.29608817398548126,9.82129512844411,tolerant/other
360,2.233438402414322,14.119861224530503,stability (rescuable window)
361,2.4719727396965028,16.270827452837178,stability (rescuable window)
362,1.312899687886238,13.884246540594127,stability (rescuable window)
363,1.681058222055435,15.775154198929403,stability (rescuable window)
364,0.7475385546684266,18.61866507029975,tolerant/other
365,0.7378560394048691,20.69896494996791,tolerant/other
366,0.8177413702011108,23.952995324176058,stability (rescuable window)
367,0.5608178049325943,22.217743494783626,tolerant/other
368,1.2242579847574233,17.47712773884771,stability (rescuable window)
369,0.5392744570970536,22.15297481152362,tolerant/other
370,1.4570158302783967,20.86055516998529,stability (rescuable window)
371,0.7373327851295471,17.424280702513947,tolerant/other
372,1.317820292711258,14.936305132126888,stability (rescuable window)
373,2.10852627158165,12.50964707735594,stability (rescuable window)
374,1.0563018769025803,10.243931520661391,stability (rescuable window)
375,1.6797313332557677,6.636334229075567,stability (rescuable window)
376,1.9792287290096282,10.300931802511847,stability (rescuable window)
377,0.07867853790521621,12.08733113635926,tolerant/other
378,0.6670121312141418,14.290679410021063,tolerant/other
379,0.9883159637451172,16.019091734552244,stability (rescuable window)
380,0.21994807422161103,14.43425959306538,tolerant/other
381,0.3689160287380219,14.799321943927024,tolerant/other
382,0.5244479954242707,11.956473142193731,tolerant/other
383,0.23712675124406815,11.379309864838026,tolerant/other
384,0.5307981818914413,8.109261926957348,tolerant/other
385,0.7959698170423508,8.061275953594443,tolerant/other
386,0.4723122030496597,11.539260201590047,tolerant/other
387,1.0178455978631973,9.359096964985456,stability (rescuable window)
388,1.4179501831531525,6.7969756509788954,stability (rescuable window)
389,0.9418013095855713,9.89341644731485,stability (rescuable window)
390,1.1594567090272903,11.686669114850476,stability (rescuable window)
391,0.5359620183706284,13.802771460833506,tolerant/other
392,0.29896910786628716,14.678513310277713,tolerant/other
393,1.0046807318925857,10.869586330675144,stability (rescuable window)
394,1.0536009341478347,11.165014464836128,stability (rescuable window)
395,1.099245086312294,13.634218789501658,stability (rescuable window)
396,0.20616630613803863,12.510438321657638,tolerant/other
397,2.027068692445755,8.15717824986067,stability (rescuable window)
398,2.266529268026352,12.88538575285971,stability (rescuable window)
399,0.23032230734825135,13.375263810482394,tolerant/other
400,1.1523347854614259,7.641617171777188,stability (rescuable window)
401,0.46340805292129517,10.604014475659678,tolerant/other
402,0.06784453243017195,12.844339609337649,tolerant/other
403,0.9342502951622009,10.575854811787083,stability (rescuable window)
404,1.6042640805244446,6.562069262054464,stability (rescuable window)
405,2.207076817750931,11.213427174597427,stability (rescuable window)
406,0.38609524369239806,13.778812466972617,tolerant/other
407,0.49257788360118865,10.220345639947801,tolerant/other
408,0.6557578802108764,6.2568667078658455,tolerant/other
409,1.2983497262001038,13.665567240330713,stability (rescuable window)
410,-0.21842251718044275,15.93465964493751,tolerant/other
411,0.053470341861248015,13.04223335935989,tolerant/other
412,0.1980956047773361,13.87903444047892,tolerant/other
413,0.01563816368579865,18.89335893905581,tolerant/other
414,0.02709703892469405,19.75883372064252,tolerant/other
