accession,title,cdna,protein,obj_type,variant_type,chr,band,start,spdi,classification,review_status,last_evaluated,traits,consequence,res
VCV002429451,NM_016373.4(WWOX):c.33del (p.Asp11fs),c.33del,p.Asp11fs,Deletion,Deletion,16,16q23.1,78099811,NC_000016.10:78099810:C:,Likely pathogenic,no assertion criteria provided,1/01/01 00:00,Developmental delay,CNV/structural,11.0
VCV000180250,NM_016373.4(WWOX):c.46_49del (p.Asp16fs),c.46_49del,p.Asp16fs,Deletion,Deletion,16,16q23.1,78099823,NC_000016.10:78099822:GGACG:G,Pathogenic,"criteria provided, single submitter",2021/09/07 00:00,"Autosomal recessive spinocerebellar ataxia 12; Developmental and epileptic encephalopathy, 1",CNV/structural,16.0
VCV001938931,NM_016373.4(WWOX):c.108_112dup (p.Thr38fs),c.108_112dup,p.Thr38fs,Duplication,Duplication,16,16q23.1,78108422,NC_000016.10:78108422:TCACA:TCACATCACA,Pathogenic,"criteria provided, single submitter",2025/07/14 00:00,"Autosomal recessive spinocerebellar ataxia 12; Developmental and epileptic encephalopathy, 1",CNV/structural,38.0
VCV003366922,NM_016373.4(WWOX):c.170del (p.Gly57fs),c.170del,p.Gly57fs,Deletion,Deletion,16,16q23.1,78108484,NC_000016.10:78108483:GG:G,Pathogenic,"criteria provided, single submitter",2024/09/20 00:00,"Developmental and epileptic encephalopathy, 28",CNV/structural,57.0
VCV001452002,NM_016373.4(WWOX):c.333del (p.Thr112fs),c.333del,p.Thr112fs,Deletion,Deletion,16,16q23.1,78115077,NC_000016.10:78115076:CC:C,Pathogenic,"criteria provided, single submitter",2022/09/27 00:00,"Autosomal recessive spinocerebellar ataxia 12; Developmental and epileptic encephalopathy, 1",CNV/structural,112.0
VCV002951080,NM_016373.4(WWOX):c.427_478dup (p.Arg160fs),c.427_478dup,p.Arg160fs,Duplication,Duplication,16,16q23.1,78164199,,Pathogenic,"criteria provided, single submitter",2023/11/03 00:00,"Autosomal recessive spinocerebellar ataxia 12; Developmental and epileptic encephalopathy, 1",CNV/structural,160.0
VCV004785757,NM_016373.4(WWOX):c.529_532del (p.Val177fs),c.529_532del,p.Val177fs,Deletion,Deletion,16,16q23.1,78386870,NC_000016.10:78386869:AGGTAG:AG,Pathogenic,"criteria provided, single submitter",2025/09/10 00:00,"Autosomal recessive spinocerebellar ataxia 12; Developmental and epileptic encephalopathy, 1",CNV/structural,177.0
VCV002690500,NM_016373.4(WWOX):c.553_566del (p.Ala185fs),c.553_566del,p.Ala185fs,Deletion,Deletion,16,16q23.1,78386896,NC_000016.10:78386895:GCTCTGCTCCGTAG:,Pathogenic/Likely pathogenic,"criteria provided, multiple submitters, no conflicts",2025/07/13 00:00,not provided,CNV/structural,185.0
VCV002099038,NM_016373.4(WWOX):c.552dup (p.Ala185fs),c.552dup,p.Ala185fs,Duplication,Duplication,16,16q23.1,78386894,NC_000016.10:78386894:C:CC,Pathogenic,"criteria provided, multiple submitters, no conflicts",2024/04/04 00:00,"Autosomal recessive spinocerebellar ataxia 12; Developmental and epileptic encephalopathy, 1; Developmental and epileptic encephalopathy, 28",CNV/structural,185.0
VCV000803276,NM_016373.4(WWOX):c.705dup (p.His236fs),c.705dup,p.His236fs,Duplication,Duplication,16,16q23.1,78424965,NC_000016.10:78424965:GGGG:GGGGG,Pathogenic,"criteria provided, multiple submitters, no conflicts",2024/09/20 00:00,"Autosomal recessive spinocerebellar ataxia 12; Developmental and epileptic encephalopathy, 1; Developmental and epileptic encephalopathy, 28",CNV/structural,236.0
VCV003366918,NM_016373.4(WWOX):c.728dup (p.Gln244fs),c.728dup,p.Gln244fs,Duplication,Duplication,16,16q23.1,78424991,NC_000016.10:78424991:T:TT,Pathogenic,"criteria provided, single submitter",2024/09/20 00:00,"Developmental and epileptic encephalopathy, 28",CNV/structural,244.0
VCV003762670,NM_016373.4(WWOX):c.808_811dup (p.Ser271Ter),c.808_811dup,p.Ser271Ter,Duplication,Duplication,16,16q23.1,78432503,NC_000016.10:78432503:GACT:GACTGACT,Pathogenic,"criteria provided, single submitter",2025/01/29 00:00,"Autosomal recessive spinocerebellar ataxia 12; Developmental and epileptic encephalopathy, 1",CNV/structural,271.0
VCV000941526,NM_016373.4(WWOX):c.854dup (p.Asn285fs),c.854dup,p.Asn285fs,Duplication,Duplication,16,16q23.1,78432544,NC_000016.10:78432544:AAAAAA:AAAAAAA,Pathogenic,"criteria provided, single submitter",2022/01/15 00:00,"Autosomal recessive spinocerebellar ataxia 12; Developmental and epileptic encephalopathy, 1",CNV/structural,285.0
VCV000871670,NM_016373.4(WWOX):c.854del (p.Asn285fs),c.854del,p.Asn285fs,Deletion,Deletion,16,16q23.1,78432545,NC_000016.10:78432544:AAAAAA:AAAAA,Pathogenic,"criteria provided, single submitter",2016/09/01 00:00,not provided,CNV/structural,285.0
VCV000373950,NM_016373.4(WWOX):c.918del (p.Glu306fs),c.918del,p.Glu306fs,Deletion,Deletion,16,16q23.1,78432614,NC_000016.10:78432613:G:,Pathogenic/Likely pathogenic,"criteria provided, multiple submitters, no conflicts",2024/09/20 00:00,"Autosomal recessive spinocerebellar ataxia 12; Developmental and epileptic encephalopathy, 1; Developmental and epileptic encephalopathy, 28",CNV/structural,306.0
VCV002500714,NM_016373.4(WWOX):c.982_998del (p.Tyr328fs),c.982_998del,p.Tyr328fs,Deletion,Deletion,16,16q23.1,78432677,NC_000016.10:78432676:GTACTCCAACATTCATCG:G,Pathogenic,"criteria provided, single submitter",2021/05/06 00:00,"Developmental and epileptic encephalopathy, 28",CNV/structural,328.0
VCV002025591,NM_016373.4(WWOX):c.1035del (p.Arg346fs),c.1035del,p.Arg346fs,Deletion,Deletion,16,16q23.1,78432731,NC_000016.10:78432730:G:,Pathogenic,"criteria provided, single submitter",2021/12/02 00:00,"Autosomal recessive spinocerebellar ataxia 12; Developmental and epileptic encephalopathy, 1",CNV/structural,346.0
VCV000421407,NM_016373.4(WWOX):c.1043del (p.Phe348fs),c.1043del,p.Phe348fs,Deletion,Deletion,16,16q23.1,78432737,NC_000016.10:78432736:TTT:TT,Pathogenic/Likely pathogenic,"criteria provided, multiple submitters, no conflicts",2025/07/16 00:00,"Autosomal recessive spinocerebellar ataxia 12; Developmental and epileptic encephalopathy, 1; Developmental and epileptic encephalopathy, 28; not provided",CNV/structural,348.0
VCV000958916,NM_016373.4(WWOX):c.1110_1119del (p.Leu371fs),c.1110_1119del,p.Leu371fs,Deletion,Deletion,16,16q23.2,79211655,NC_000016.10:79211654:GGAGGGTCTGGGAGGG:GGAGGG,Pathogenic/Likely pathogenic,"criteria provided, multiple submitters, no conflicts",2025/12/19 00:00,"Autosomal recessive spinocerebellar ataxia 12; Developmental and epileptic encephalopathy, 1; not provided",CNV/structural,371.0
VCV001700190,NM_016373.4(WWOX):c.1129AAC[1] (p.Asn378del),c.1129AAC[1],p.Asn378del,Microsatellite,Microsatellite,16,16q23.2,79211679,NC_000016.10:79211678:CAACAAC:CAAC,Pathogenic,"criteria provided, single submitter",1/01/01 00:00,Neurodevelopmental delay,CNV/structural,378.0
VCV004852473,NM_016373.4:c.(516+1_517-1)_(1056+1_1057-1)del,NM_016373.4:c.(516+1_517-1)_(1056+1_1057-1)del,,Deletion,Deletion,,,,,Likely pathogenic,"criteria provided, single submitter",2024/01/01 00:00,Epileptic encephalopathy,CNV/structural,
VCV004852048,GRCh38/hg38 16q23.1-24.3(chr16:77262369-90338345)x3,GRCh38/hg38 16q23.1-24.3(chr16:77262369-90338345)x3,,copy number gain,copy number gain,16,16q23.1-24.3,77262369,,Pathogenic,"criteria provided, single submitter",2022/06/21 00:00,See cases,CNV/structural,
VCV004533315,NM_016373.4:c.(516+1_517-1)_(1056+1_1057-1)del,NM_016373.4:c.(516+1_517-1)_(1056+1_1057-1)del,,Deletion,Deletion,,,,,Likely pathogenic,"criteria provided, single submitter",2025/11/10 00:00,"Developmental and epileptic encephalopathy, 28",CNV/structural,
VCV004279474,GRCh37/hg19 16q23.1(chr16:78386071-78439170)x1,GRCh37/hg19 16q23.1(chr16:78386071-78439170)x1,,copy number loss,copy number loss,,,,,Pathogenic,"criteria provided, single submitter",1/01/01 00:00,not specified,CNV/structural,
VCV004279395,GRCh37/hg19 16q23.1(chr16:78384725-78466128)x1,GRCh37/hg19 16q23.1(chr16:78384725-78466128)x1,,copy number loss,copy number loss,,,,,Pathogenic,"criteria provided, single submitter",1/01/01 00:00,not specified,CNV/structural,
VCV004279367,GRCh37/hg19 16q23.1(chr16:78407453-78449752)x1,GRCh37/hg19 16q23.1(chr16:78407453-78449752)x1,,copy number loss,copy number loss,,,,,Pathogenic,"criteria provided, single submitter",1/01/01 00:00,not specified,CNV/structural,
VCV004279298,GRCh37/hg19 16q23.1(chr16:78377245-78439072)x1,GRCh37/hg19 16q23.1(chr16:78377245-78439072)x1,,copy number loss,copy number loss,,,,,Pathogenic,"criteria provided, single submitter",1/01/01 00:00,not specified,CNV/structural,
VCV004279265,GRCh37/hg19 16q23.1(chr16:78371498-78426119)x1,GRCh37/hg19 16q23.1(chr16:78371498-78426119)x1,,copy number loss,copy number loss,,,,,Pathogenic,"criteria provided, single submitter",1/01/01 00:00,not specified,CNV/structural,
VCV004279196,GRCh37/hg19 16q23.1(chr16:77960665-78530885)x1,GRCh37/hg19 16q23.1(chr16:77960665-78530885)x1,,copy number loss,copy number loss,,,,,Pathogenic,"criteria provided, single submitter",1/01/01 00:00,not specified,CNV/structural,
VCV004279021,NM_016373.4:c.517-24594_1056+2408dup,NM_016373.4:c.517-24594_1056+2408dup,,Duplication,Duplication,,,,,Pathogenic,"criteria provided, single submitter",2024/10/30 00:00,"Developmental and epileptic encephalopathy, 28",CNV/structural,
VCV004279013,NM_016373.4:c.410-13782_516+59745del,NM_016373.4:c.410-13782_516+59745del,,Deletion,Deletion,,,,,Pathogenic,"criteria provided, single submitter",2024/10/30 00:00,"Developmental and epileptic encephalopathy, 28",CNV/structural,
VCV004082036,NC_000016.10:g.78346685_78388773del,NC_000016.10:g.78346685_78388773del,,Deletion,Deletion,16,16q23.1,78346685,,Pathogenic,no assertion criteria provided,2024/10/17 00:00,Amelogenesis imperfecta type 1H,CNV/structural,
VCV003774413,GRCh37/hg19 16q11.2-24.3(chr16:46432879-90294753)x3,GRCh37/hg19 16q11.2-24.3(chr16:46432879-90294753)x3,,copy number gain,copy number gain,,,,,Pathogenic,"criteria provided, single submitter",2025/02/21 00:00,Partial trisomy of the long arm of chromosome 16,CNV/structural,
VCV003391857,GRCh37/hg19 16q21-24.1(chr16:62746020-84485022)x3,GRCh37/hg19 16q21-24.1(chr16:62746020-84485022)x3,,copy number gain,copy number gain,,,,,Pathogenic,"criteria provided, single submitter",2024/02/08 00:00,not provided,CNV/structural,
VCV003384012,NM_016373.3:c.410-17474_516+10296del,NM_016373.3:c.410-17474_516+10296del,,Deletion,Deletion,,,,,Pathogenic,"criteria provided, single submitter",2024/10/04 00:00,Esophageal squamous cell carcinoma,CNV/structural,
VCV003366924,NM_016373.4:c.606-870_1056+126154del,NM_016373.4:c.606-870_1056+126154del,,Deletion,Deletion,,,,,Pathogenic,"criteria provided, single submitter",2024/09/20 00:00,"Developmental and epileptic encephalopathy, 28",CNV/structural,
VCV003366923,NM_016373.4:c.517-92_606-43del,NM_016373.4:c.517-92_606-43del,,Deletion,Deletion,,,,,Likely pathogenic,"criteria provided, single submitter",2024/09/20 00:00,"Developmental and epileptic encephalopathy, 28",CNV/structural,
VCV003362874,Single allele,Single allele,,Duplication,Duplication,,,,,Pathogenic,"criteria provided, single submitter",2024/09/01 00:00,Chromosome 16q22 deletion syndrome,CNV/structural,
VCV003243520,NC_000016.9:g.(?_78143655)_(78466669_?)dup,NC_000016.9:g.(?_78143655)_(78466669_?)dup,,Duplication,Duplication,,,,,Likely pathogenic,"criteria provided, single submitter",2023/05/11 00:00,"Autosomal recessive spinocerebellar ataxia 12; Developmental and epileptic encephalopathy, 1",CNV/structural,
VCV003243518,NC_000016.9:g.(?_78420737)_(78420865_?)dup,NC_000016.9:g.(?_78420737)_(78420865_?)dup,,Duplication,Duplication,,,,,Likely pathogenic,"criteria provided, single submitter",2023/06/04 00:00,"Autosomal recessive spinocerebellar ataxia 12; Developmental and epileptic encephalopathy, 1",CNV/structural,
VCV003243517,NC_000016.9:g.(?_78458747)_(79245693_?)del,NC_000016.9:g.(?_78458747)_(79245693_?)del,,Deletion,Deletion,,,,,Pathogenic,"criteria provided, single submitter",2022/11/19 00:00,"Autosomal recessive spinocerebellar ataxia 12; Developmental and epileptic encephalopathy, 1",CNV/structural,
VCV003243515,NC_000016.9:g.(?_78420737)_(81991603_?)del,NC_000016.9:g.(?_78420737)_(81991603_?)del,,Deletion,Deletion,,,,,Pathogenic,"criteria provided, single submitter",2023/05/16 00:00,"Autosomal recessive spinocerebellar ataxia 12; Developmental and epileptic encephalopathy, 1",CNV/structural,
VCV003243514,NC_000016.9:g.(?_78142300)_(78198206_?)del,NC_000016.9:g.(?_78142300)_(78198206_?)del,,Deletion,Deletion,,,,,Pathogenic,"criteria provided, single submitter",2023/11/04 00:00,"Autosomal recessive spinocerebellar ataxia 12; Developmental and epileptic encephalopathy, 1",CNV/structural,
VCV003243513,NC_000016.9:g.(?_78133676)_(78149071_?)del,NC_000016.9:g.(?_78133676)_(78149071_?)del,,Deletion,Deletion,,,,,Pathogenic,"criteria provided, single submitter",2023/12/11 00:00,"Autosomal recessive spinocerebellar ataxia 12; Developmental and epileptic encephalopathy, 1",CNV/structural,
VCV003062161,GRCh38/hg38 16q23.1(chr16:78064581-78164300)x1,GRCh38/hg38 16q23.1(chr16:78064581-78164300)x1,,copy number loss,copy number loss,16,16q23.1,78064581,,Pathogenic,"criteria provided, single submitter",2024/01/15 00:00,West syndrome,CNV/structural,
VCV002684813,GRCh37/hg19 16q22.1-23.2(chr16:70607067-81561138)x3,GRCh37/hg19 16q22.1-23.2(chr16:70607067-81561138)x3,,copy number gain,copy number gain,,,,,Pathogenic,"criteria provided, single submitter",2023/04/27 00:00,not provided,CNV/structural,
VCV002629747,NM_016373.4(WWOX):c.409_409+14del,NM_016373.4(WWOX):c.409_409+14del,,Deletion,Deletion,16,16q23.1,78115154,NC_000016.10:78115153:GGTAGGCTCTTCACT:,Pathogenic,"criteria provided, single submitter",2023/01/27 00:00,WWOX-related disorder,CNV/structural,
VCV002579165,GRCh38/hg38 16q23.1(chr16:78099236-78100272)x0,GRCh38/hg38 16q23.1(chr16:78099236-78100272)x0,,copy number loss,copy number loss,16,16q23.1,78099236,,Pathogenic,"criteria provided, single submitter",2023/08/24 00:00,"Developmental and epileptic encephalopathy, 28",CNV/structural,
VCV002573587,NC_000016.9:g.(78198187_78420756)_(78420846_78458766)del,NC_000016.9:g.(78198187_78420756)_(78420846_78458766)del,,Deletion,Deletion,,,,,Pathogenic,"criteria provided, single submitter",2023/06/01 00:00,"Early Infantile Epileptic Encephalopathy, Autosomal Recessive",CNV/structural,
VCV002500713,NM_016373.4(WWOX):c.606-1778_792-2744del,NM_016373.4(WWOX):c.606-1778_792-2744del,,Deletion,Deletion,16,16q23.1,78423091,,Pathogenic,"criteria provided, single submitter",1/01/01 00:00,"Developmental and epileptic encephalopathy, 28",CNV/structural,
VCV002498155,NM_016373.4:c.517-94998_1056+78427del,NM_016373.4:c.517-94998_1056+78427del,,Deletion,Deletion,16,16q23.1,78291862,,Pathogenic,"criteria provided, single submitter",2023/03/23 00:00,"Developmental and epileptic encephalopathy, 28",CNV/structural,
VCV002426303,NC_000016.9:g.(?_78420737)_(78458972_?)del,NC_000016.9:g.(?_78420737)_(78458972_?)del,,Deletion,Deletion,,,,,Pathogenic,"criteria provided, single submitter",2022/10/17 00:00,"Autosomal recessive spinocerebellar ataxia 12; Developmental and epileptic encephalopathy, 1",CNV/structural,
VCV002426301,NC_000016.9:g.(?_78148853)_(78198206_?)del,NC_000016.9:g.(?_78148853)_(78198206_?)del,,Deletion,Deletion,,,,,Pathogenic,"criteria provided, single submitter",2022/09/01 00:00,"Autosomal recessive spinocerebellar ataxia 12; Developmental and epileptic encephalopathy, 1",CNV/structural,
VCV002426300,NC_000016.9:g.(?_78148853)_(78149071_?)del,NC_000016.9:g.(?_78148853)_(78149071_?)del,,Deletion,Deletion,,,,,Pathogenic,"criteria provided, single submitter",2023/08/17 00:00,"Autosomal recessive spinocerebellar ataxia 12; Developmental and epileptic encephalopathy, 1",CNV/structural,
VCV002426299,NC_000016.9:g.(?_78133676)_(79633799_?)del,NC_000016.9:g.(?_78133676)_(79633799_?)del,,Deletion,Deletion,,,,,Pathogenic,"criteria provided, single submitter",2022/04/01 00:00,"Autosomal recessive spinocerebellar ataxia 12; Developmental and epileptic encephalopathy, 1",CNV/structural,
VCV001810421,NM_016373.4:c.517-11252_606-17640del,NM_016373.4:c.517-11252_606-17640del,,Deletion,Deletion,16,16q23.1,78375608,,Pathogenic,"criteria provided, single submitter",2024/09/20 00:00,"Developmental and epileptic encephalopathy, 28",CNV/structural,
VCV001707627,GRCh37/hg19 16q22.2-24.3(chr16:71641395-90161959)x3,GRCh37/hg19 16q22.2-24.3(chr16:71641395-90161959)x3,,copy number gain,copy number gain,,,,,Likely pathogenic,no assertion criteria provided,2022/08/01 00:00,Syndromic anorectal malformation,CNV/structural,
VCV001676307,GRCh37/hg19 16q11.2-24.3(chr16:46503968-90155062)x3,GRCh37/hg19 16q11.2-24.3(chr16:46503968-90155062)x3,,copy number gain,copy number gain,,,,,Pathogenic,no assertion criteria provided,1/01/01 00:00,not provided,CNV/structural,
VCV001521012,NC_000016.9:g.(?_78148926)_(78166880_?)del,NC_000016.9:g.(?_78148926)_(78166880_?)del,,Deletion,Deletion,,,,,Likely pathogenic,"criteria provided, single submitter",2022/10/25 00:00,"Autosomal recessive spinocerebellar ataxia 12; Developmental and epileptic encephalopathy, 1",CNV/structural,
VCV001456547,NC_000016.9:g.(?_78142310)_(78142394_?)del,NC_000016.9:g.(?_78142310)_(78142394_?)del,,Deletion,Deletion,,,,,Pathogenic,"criteria provided, single submitter",2022/07/26 00:00,"Autosomal recessive spinocerebellar ataxia 12; Developmental and epileptic encephalopathy, 1",CNV/structural,
VCV001339502,NC_000016.9:g.78159969_78320350del,NC_000016.9:g.78159969_78320350del,,Deletion,Deletion,,,,,Likely pathogenic,"criteria provided, single submitter",1/01/01 00:00,"Developmental and epileptic encephalopathy, 28",CNV/structural,
VCV001338793,NM_016373.4:c.(516+1_517-1)_(605+1_606-1)del,NM_016373.4:c.(516+1_517-1)_(605+1_606-1)del,,Deletion,Deletion,,,,,Pathogenic,"criteria provided, single submitter",2022/01/12 00:00,"Developmental and epileptic encephalopathy, 28",CNV/structural,
VCV001328100,GRCh37/hg19 16q23.1(chr16:78395881-78468596)x3,GRCh37/hg19 16q23.1(chr16:78395881-78468596)x3,,copy number gain,copy number gain,,,,,Likely pathogenic,"criteria provided, single submitter",2021/11/03 00:00,not provided,CNV/structural,
VCV001076470,NC_000016.9:g.(?_78420747)_(78466659_?)del,NC_000016.9:g.(?_78420747)_(78466659_?)del,,Deletion,Deletion,,,,,Pathogenic,"criteria provided, single submitter",2020/09/15 00:00,"Autosomal recessive spinocerebellar ataxia 12; Developmental and epileptic encephalopathy, 1",CNV/structural,
VCV001076469,NC_000016.9:g.(?_78420747)_(78458962_?)del,NC_000016.9:g.(?_78420747)_(78458962_?)del,,Deletion,Deletion,,,,,Pathogenic,"criteria provided, single submitter",2020/10/09 00:00,"Autosomal recessive spinocerebellar ataxia 12; Developmental and epileptic encephalopathy, 1",CNV/structural,
VCV001076468,NC_000016.9:g.(?_78133671)_(78149061_?)del,NC_000016.9:g.(?_78133671)_(78149061_?)del,,Deletion,Deletion,,,,,Pathogenic,"criteria provided, single submitter",2022/08/16 00:00,"Autosomal recessive spinocerebellar ataxia 12; Developmental and epileptic encephalopathy, 1",CNV/structural,
VCV001067495,NM_016373.4(WWOX):c.605_605+3del,NM_016373.4(WWOX):c.605_605+3del,,Microsatellite,Microsatellite,16,16q23.1,78386946,NC_000016.10:78386945:TGTGTG:TG,Likely pathogenic,"criteria provided, multiple submitters, no conflicts",2025/10/23 00:00,"Autosomal recessive spinocerebellar ataxia 12; Developmental and epileptic encephalopathy, 1; Developmental and epileptic encephalopathy, 28; not provided",CNV/structural,
VCV001013119,GRCh37/hg19 16q23.1(chr16:78420757-78466649)x1,GRCh37/hg19 16q23.1(chr16:78420757-78466649)x1,,copy number loss,copy number loss,,,,,Pathogenic,"criteria provided, single submitter",2020/12/01 00:00,not provided,CNV/structural,
VCV000997824,Single allele,Single allele,,Deletion,Deletion,,,,,Pathogenic,no assertion criteria provided,2021/02/25 00:00,Epilepsy; Intellectual disability,CNV/structural,
VCV000978033,NC_000016.10:g.78152047_78188346del,NC_000016.10:g.78152047_78188346del,,Deletion,Deletion,16,16q23.1,78152047,,Pathogenic,"criteria provided, single submitter",2020/07/08 00:00,"Developmental and epileptic encephalopathy, 28",CNV/structural,
VCV000915975,GRCh37/hg19 16q23.1(chr16:78458767-78458953),GRCh37/hg19 16q23.1(chr16:78458767-78458953),,copy number loss,copy number loss,,,,,Pathogenic,no assertion criteria provided,2020/04/16 00:00,"Developmental and epileptic encephalopathy, 28",CNV/structural,
VCV000833164,NC_000016.10:g.(?_78278583)_(78386968_?)del,NC_000016.10:g.(?_78278583)_(78386968_?)del,,Deletion,Deletion,,,,,Pathogenic,"criteria provided, single submitter",2019/10/07 00:00,"Autosomal recessive spinocerebellar ataxia 12; Developmental and epileptic encephalopathy, 1",CNV/structural,
VCV000832849,NC_000016.10:g.(?_78099759)_(78432772_?)del,NC_000016.10:g.(?_78099759)_(78432772_?)del,,Deletion,Deletion,,,,,Pathogenic,"criteria provided, single submitter",2020/09/30 00:00,"Autosomal recessive spinocerebellar ataxia 12; Developmental and epileptic encephalopathy, 1",CNV/structural,
VCV000832198,NC_000016.10:g.(?_78424850)_(78432772_?)del,NC_000016.10:g.(?_78424850)_(78432772_?)del,,Deletion,Deletion,,,,,Pathogenic,"criteria provided, single submitter",2024/01/22 00:00,"Autosomal recessive spinocerebellar ataxia 12; Developmental and epileptic encephalopathy, 1",CNV/structural,
VCV000832075,NC_000016.10:g.(?_78278583)_(78432772_?)del,NC_000016.10:g.(?_78278583)_(78432772_?)del,,Deletion,Deletion,,,,,Likely pathogenic,"criteria provided, single submitter",2019/03/28 00:00,"Autosomal recessive spinocerebellar ataxia 12; Developmental and epileptic encephalopathy, 1",CNV/structural,
VCV000831561,NC_000016.10:g.(?_78099759)_(78099909_?)del,NC_000016.10:g.(?_78099759)_(78099909_?)del,,Deletion,Deletion,,,,,Pathogenic,"criteria provided, single submitter",2019/12/27 00:00,"Autosomal recessive spinocerebellar ataxia 12; Developmental and epileptic encephalopathy, 1",CNV/structural,
VCV000830545,NC_000016.10:g.(?_78099759)_(78115174_?)del,NC_000016.10:g.(?_78099759)_(78115174_?)del,,Deletion,Deletion,,,,,Pathogenic,"criteria provided, single submitter",2019/12/21 00:00,"Autosomal recessive spinocerebellar ataxia 12; Developmental and epileptic encephalopathy, 1",CNV/structural,
VCV000813331,GRCh37/hg19 16q23.1(chr16:78198080-78198186),GRCh37/hg19 16q23.1(chr16:78198080-78198186),,copy number loss,copy number loss,,,,,Likely pathogenic,"criteria provided, single submitter",2017/10/13 00:00,"Developmental and epileptic encephalopathy, 28",CNV/structural,
VCV000689191,GRCh37/hg19 16q23.1(chr16:78272827-78367613)x1,GRCh37/hg19 16q23.1(chr16:78272827-78367613)x1,,copy number loss,copy number loss,,,,,Pathogenic,no assertion criteria provided,2017/06/30 00:00,not provided,CNV/structural,
VCV000689058,GRCh37/hg19 16q23.1(chr16:78308767-78371608)x1,GRCh37/hg19 16q23.1(chr16:78308767-78371608)x1,,copy number loss,copy number loss,,,,,Pathogenic,no assertion criteria provided,2017/10/26 00:00,not provided,CNV/structural,
VCV000688386,GRCh37/hg19 16q23.1(chr16:78186513-78257627)x1,GRCh37/hg19 16q23.1(chr16:78186513-78257627)x1,,copy number loss,copy number loss,,,,,Pathogenic,no assertion criteria provided,2017/12/08 00:00,not provided,CNV/structural,
VCV000687407,GRCh37/hg19 16q23.1(chr16:78413243-78439784)x1,GRCh37/hg19 16q23.1(chr16:78413243-78439784)x1,,copy number loss,copy number loss,,,,,Pathogenic,no assertion criteria provided,2018/06/07 00:00,not provided,CNV/structural,
VCV000687039,GRCh37/hg19 16q23.1(chr16:78128313-78151480)x1,GRCh37/hg19 16q23.1(chr16:78128313-78151480)x1,,copy number loss,copy number loss,,,,,Pathogenic,no assertion criteria provided,2018/09/10 00:00,not provided,CNV/structural,
VCV000686651,GRCh37/hg19 16q23.1-23.2(chr16:79172680-79271549)x1,GRCh37/hg19 16q23.1-23.2(chr16:79172680-79271549)x1,,copy number loss,copy number loss,,,,,Pathogenic,no assertion criteria provided,2017/06/28 00:00,not provided,CNV/structural,
VCV000686530,GRCh37/hg19 16q23.1(chr16:78374562-78469453)x1,GRCh37/hg19 16q23.1(chr16:78374562-78469453)x1,,copy number loss,copy number loss,,,,,Pathogenic,no assertion criteria provided,2017/05/26 00:00,not provided,CNV/structural,
VCV000685382,GRCh37/hg19 16q23.1(chr16:78402398-78504169)x1,GRCh37/hg19 16q23.1(chr16:78402398-78504169)x1,,copy number loss,copy number loss,,,,,Pathogenic,no assertion criteria provided,2017/12/08 00:00,not provided,CNV/structural,
VCV000685373,GRCh37/hg19 16q23.1(chr16:78384724-78504169)x1,GRCh37/hg19 16q23.1(chr16:78384724-78504169)x1,,copy number loss,copy number loss,,,,,Pathogenic,no assertion criteria provided,2018/01/18 00:00,not provided,CNV/structural,
VCV000657908,NC_000016.10:g.(?_79211588)_(79211816_?)del,NC_000016.10:g.(?_79211588)_(79211816_?)del,,Deletion,Deletion,16,16q23.2,79211588,,Pathogenic,"criteria provided, single submitter",2022/07/26 00:00,"Autosomal recessive spinocerebellar ataxia 12; Developmental and epileptic encephalopathy, 1",CNV/structural,
VCV000655227,NC_000016.10:g.(?_78278583)_(80589366_?)del,NC_000016.10:g.(?_78278583)_(80589366_?)del,,Deletion,Deletion,16,16q23.1-23.2,78278583,,Pathogenic,"criteria provided, single submitter",2018/10/01 00:00,Ayme-Gripp syndrome; Cataract 21 multiple types,CNV/structural,
VCV000625820,GRCh37/hg19 16q23.1(chr16:78458774-78463512),GRCh37/hg19 16q23.1(chr16:78458774-78463512),,copy number loss,copy number loss,,,,,Pathogenic,"criteria provided, single submitter",2018/11/01 00:00,"Developmental and epileptic encephalopathy, 28",CNV/structural,
VCV000625676,GRCh37/hg19 16q23.1(chr16:78409180-78431277),GRCh37/hg19 16q23.1(chr16:78409180-78431277),,copy number loss,copy number loss,,,,,Pathogenic,"criteria provided, single submitter",2018/11/01 00:00,"Developmental and epileptic encephalopathy, 28",CNV/structural,
VCV000625675,GRCh37/hg19 16q23.1(chr16:78143268-78154701),GRCh37/hg19 16q23.1(chr16:78143268-78154701),,copy number loss,copy number loss,,,,,Pathogenic,"criteria provided, single submitter",2018/11/01 00:00,"Developmental and epileptic encephalopathy, 28",CNV/structural,
VCV000624464,GRCh37/hg19 16q23.1(chr16:77981957-79037091)x1,GRCh37/hg19 16q23.1(chr16:77981957-79037091)x1,,copy number loss,copy number loss,,,,,Likely pathogenic,"criteria provided, single submitter",2018/04/05 00:00,not provided,CNV/structural,
VCV000584296,NC_000016.10:g.(?_78386840)_(78432772_?)del,NC_000016.10:g.(?_78386840)_(78432772_?)del,,Deletion,Deletion,16,16q23.1,78386840,,Pathogenic,"criteria provided, single submitter",2022/09/27 00:00,"Autosomal recessive spinocerebellar ataxia 12; Developmental and epileptic encephalopathy, 1",CNV/structural,
VCV000584160,NC_000016.10:g.(?_78164163)_(78164309_?)del,NC_000016.10:g.(?_78164163)_(78164309_?)del,,Deletion,Deletion,16,16q23.1,78164163,,Pathogenic,"criteria provided, single submitter",2023/11/02 00:00,"Autosomal recessive spinocerebellar ataxia 12; Developmental and epileptic encephalopathy, 1",CNV/structural,
VCV000583631,NC_000016.10:g.(?_78386840)_(78386968_?)del,NC_000016.10:g.(?_78386840)_(78386968_?)del,,Deletion,Deletion,16,16q23.1,78386840,,Pathogenic,"criteria provided, single submitter",2023/11/12 00:00,"Autosomal recessive spinocerebellar ataxia 12; Developmental and epileptic encephalopathy, 1",CNV/structural,
VCV000583590,NC_000016.9:g.(?_78458747)_(78466669_?)dup,NC_000016.9:g.(?_78458747)_(78466669_?)dup,,Duplication,Duplication,16,16q23.1,78424850,,Likely pathogenic,"criteria provided, single submitter",2021/11/05 00:00,"Autosomal recessive spinocerebellar ataxia 12; Developmental and epileptic encephalopathy, 1",CNV/structural,
VCV000564342,GRCh37/hg19 16q22.2-24.3(chr16:72515938-90155062)x3,GRCh37/hg19 16q22.2-24.3(chr16:72515938-90155062)x3,,copy number gain,copy number gain,,,,,Pathogenic,no assertion criteria provided,2017/12/06 00:00,not provided,CNV/structural,
VCV000545213,NC_000016.10:g.(?_79103200)_(79402155_?)del,NC_000016.10:g.(?_79103200)_(79402155_?)del,,Deletion,Deletion,16,16q23.1-23.2,79103200,,Likely pathogenic,"criteria provided, single submitter",2018/03/20 00:00,Schizophrenia,CNV/structural,
VCV000540247,NC_000016.10:g.(?_78432468)_(78432772_?)del,NC_000016.10:g.(?_78432468)_(78432772_?)del,,Deletion,Deletion,16,16q23.1,78432468,,Likely pathogenic,"criteria provided, single submitter",2022/02/10 00:00,"Autosomal recessive spinocerebellar ataxia 12; Developmental and epileptic encephalopathy, 1",CNV/structural,
VCV000493191,NM_016373.4(WWOX):c.107+2_107+5del,NM_016373.4(WWOX):c.107+2_107+5del,,Deletion,Deletion,16,16q23.1,78099884,NC_000016.10:78099883:AAGTAAG:AAG,Likely pathogenic,"criteria provided, multiple submitters, no conflicts",2022/01/01 00:00,"Developmental and epileptic encephalopathy, 28; not provided",CNV/structural,
VCV000473016,NC_000016.10:g.(?_78424850)_(78425075_?)del,NC_000016.10:g.(?_78424850)_(78425075_?)del,,Deletion,Deletion,16,16q23.1,78424850,,Pathogenic,"criteria provided, single submitter",2023/12/21 00:00,"Autosomal recessive spinocerebellar ataxia 12; Developmental and epileptic encephalopathy, 1",CNV/structural,
VCV000473015,NC_000016.9:g.(?_78352643)_(78420837_?)dup,NC_000016.9:g.(?_78352643)_(78420837_?)dup,,Duplication,Duplication,16,16q23.1,78318746,,Pathogenic,"criteria provided, single submitter",2017/07/14 00:00,"Autosomal recessive spinocerebellar ataxia 12; Developmental and epileptic encephalopathy, 1",CNV/structural,
VCV000443551,GRCh37/hg19 16q23.1(chr16:78159696-78320350)x0,GRCh37/hg19 16q23.1(chr16:78159696-78320350)x0,,copy number loss,copy number loss,,,,,Likely pathogenic,no assertion criteria provided,2015/06/22 00:00,See cases,CNV/structural,
VCV000443121,GRCh37/hg19 16p13.3-q24.3(chr16:85881-90155062)x3,GRCh37/hg19 16p13.3-q24.3(chr16:85881-90155062)x3,,copy number gain,copy number gain,,,,,Pathogenic,no assertion criteria provided,2014/12/02 00:00,See cases,CNV/structural,
VCV000443120,GRCh37/hg19 16p13.3-q24.3(chr16:85881-90155062),GRCh37/hg19 16p13.3-q24.3(chr16:85881-90155062),,copy number gain,copy number gain,,,,,Pathogenic,no assertion criteria provided,2015/07/14 00:00,See cases,CNV/structural,
VCV000442240,GRCh37/hg19 16q23.1(chr16:78180603-78208482)x0,GRCh37/hg19 16q23.1(chr16:78180603-78208482)x0,,copy number loss,copy number loss,,,,,Pathogenic,no assertion criteria provided,2014/10/21 00:00,See cases,CNV/structural,
VCV000442214,GRCh37/hg19 16q13-24.3(chr16:57051473-89797669)x3,GRCh37/hg19 16q13-24.3(chr16:57051473-89797669)x3,,copy number gain,copy number gain,,,,,Pathogenic,no assertion criteria provided,2015/03/16 00:00,See cases,CNV/structural,
VCV000395502,GRCh37/hg19 16p13.3-q24.3(chr16:69193-90274381)x3,GRCh37/hg19 16p13.3-q24.3(chr16:69193-90274381)x3,,copy number gain,copy number gain,,,,,Pathogenic,no assertion criteria provided,1/01/01 00:00,See cases,CNV/structural,
VCV000253554,GRCh37/hg19 16q23.1-24.3(chr16:74872514-90274440)x3,GRCh37/hg19 16q23.1-24.3(chr16:74872514-90274440)x3,,copy number gain,copy number gain,,,,,Pathogenic,"criteria provided, single submitter",2016/01/20 00:00,See cases,CNV/structural,
VCV000218968,t(5;16)(p15.31;q23.1),t(5;16)(p15.31;q23.1),,Translocation,Translocation,,,,,Likely pathogenic,no assertion criteria provided,2015/11/24 00:00,not provided,CNV/structural,
VCV000180248,NM_016373.4(WWOX):c.516+62335_517-3413del,NM_016373.4(WWOX):c.516+62335_517-3413del,,Deletion,Deletion,16,16q23.1,78226624,,Pathogenic,no assertion criteria provided,2015/01/01 00:00,"Developmental and epileptic encephalopathy, 28",CNV/structural,
VCV000180247,NM_016373.4(WWOX):c.517-44258_606-268del,NM_016373.4(WWOX):c.517-44258_606-268del,,Deletion,Deletion,16,16q23.1-23.2,78342602,,Pathogenic,no assertion criteria provided,2015/01/01 00:00,"Developmental and epileptic encephalopathy, 28",CNV/structural,
VCV000180246,NM_016373.3(WWOX):c.-366-?_516+?del,NM_016373.3(WWOX):c.-366-?_516+?del,,Deletion,Deletion,16,16q23.1-23.2,78099413,,Pathogenic,no assertion criteria provided,2015/01/01 00:00,"Developmental and epileptic encephalopathy, 28",CNV/structural,
VCV000155675,GRCh38/hg38 16q21-23.3(chr16:65957829-83611443)x3,GRCh38/hg38 16q21-23.3(chr16:65957829-83611443)x3,,copy number gain,copy number gain,16,16q21-23.3,65957829,,Pathogenic,no assertion criteria provided,2014/03/10 00:00,See cases,CNV/structural,
VCV000155358,GRCh38/hg38 16q12.2-24.3(chr16:52899183-90088654)x3,GRCh38/hg38 16q12.2-24.3(chr16:52899183-90088654)x3,,copy number gain,copy number gain,16,16q12.2-24.3,52899183,,Pathogenic,no assertion criteria provided,2013/09/27 00:00,See cases,CNV/structural,
VCV000154511,GRCh38/hg38 16q21-24.3(chr16:64389378-90081985)x3,GRCh38/hg38 16q21-24.3(chr16:64389378-90081985)x3,,copy number gain,copy number gain,16,16q21-24.3,64389378,,Pathogenic,no assertion criteria provided,2010/12/22 00:00,See cases,CNV/structural,
VCV000153758,GRCh38/hg38 16q22.1-23.3(chr16:69053457-83274681)x3,GRCh38/hg38 16q22.1-23.3(chr16:69053457-83274681)x3,,copy number gain,copy number gain,16,16q22.1-23.3,69053457,,Pathogenic,no assertion criteria provided,2013/09/03 00:00,See cases,CNV/structural,
VCV000153239,GRCh38/hg38 16q23.1-24.3(chr16:76336203-90088654)x3,GRCh38/hg38 16q23.1-24.3(chr16:76336203-90088654)x3,,copy number gain,copy number gain,16,16q23.1-24.3,76336203,,Pathogenic,no assertion criteria provided,2014/12/16 00:00,See cases,CNV/structural,
VCV000150599,GRCh38/hg38 16q21-24.3(chr16:65511483-90096995)x3,GRCh38/hg38 16q21-24.3(chr16:65511483-90096995)x3,,copy number gain,copy number gain,16,16q21-24.3,65511483,,Pathogenic,no assertion criteria provided,2012/07/02 00:00,See cases,CNV/structural,
VCV000150450,GRCh38/hg38 16q23.1-24.3(chr16:75377981-90081992)x3,GRCh38/hg38 16q23.1-24.3(chr16:75377981-90081992)x3,,copy number gain,copy number gain,16,16q23.1-24.3,75377981,,Pathogenic,no assertion criteria provided,2012/09/21 00:00,See cases,CNV/structural,
VCV000148421,GRCh38/hg38 16q22.1-24.3(chr16:70749398-90096995)x3,GRCh38/hg38 16q22.1-24.3(chr16:70749398-90096995)x3,,copy number gain,copy number gain,16,16q22.1-24.3,70749398,,Pathogenic,no assertion criteria provided,2011/05/12 00:00,See cases,CNV/structural,
VCV000146601,GRCh38/hg38 16q21-24.1(chr16:62925929-84585795)x3,GRCh38/hg38 16q21-24.1(chr16:62925929-84585795)x3,,copy number gain,copy number gain,16,16q21-24.1,62925929,,Pathogenic,no assertion criteria provided,2010/10/20 00:00,See cases,CNV/structural,
VCV000146126,GRCh38/hg38 16q23.1(chr16:75541502-79154140)x1,GRCh38/hg38 16q23.1(chr16:75541502-79154140)x1,,copy number loss,copy number loss,16,16q23.1,75541502,,Pathogenic,no assertion criteria provided,2009/07/30 00:00,See cases,CNV/structural,
VCV000145976,GRCh38/hg38 16q23.1-23.3(chr16:78790450-83255421)x1,GRCh38/hg38 16q23.1-23.3(chr16:78790450-83255421)x1,,copy number loss,copy number loss,16,16q23.1-23.3,78790450,,Pathogenic,no assertion criteria provided,2010/11/30 00:00,See cases,CNV/structural,
VCV000144332,GRCh38/hg38 16q22.1-24.1(chr16:70414573-84908120)x1,GRCh38/hg38 16q22.1-24.1(chr16:70414573-84908120)x1,,copy number loss,copy number loss,16,16q22.1-24.1,70414573,,Pathogenic,no assertion criteria provided,2009/12/30 00:00,See cases,CNV/structural,
VCV000059517,GRCh38/hg38 16q23.1-24.2(chr16:78704275-87819342)x1,GRCh38/hg38 16q23.1-24.2(chr16:78704275-87819342)x1,,copy number loss,copy number loss,16,16q23.1-24.2,78704275,,Pathogenic,"criteria provided, single submitter",2011/08/12 00:00,See cases,CNV/structural,
VCV000059515,GRCh38/hg38 16q22.3-23.3(chr16:73049467-82576326)x1,GRCh38/hg38 16q22.3-23.3(chr16:73049467-82576326)x1,,copy number loss,copy number loss,16,16q22.3-23.3,73049467,,Pathogenic,"criteria provided, single submitter",2011/08/12 00:00,See cases,CNV/structural,
VCV000058647,GRCh38/hg38 16q23.1-24.3(chr16:76873569-90081985)x3,GRCh38/hg38 16q23.1-24.3(chr16:76873569-90081985)x3,,copy number gain,copy number gain,16,16q23.1-24.3,76873569,,Pathogenic,"criteria provided, single submitter",2011/08/12 00:00,See cases,CNV/structural,
VCV000058646,GRCh38/hg38 16q22.1-24.3(chr16:70514631-90081985)x3,GRCh38/hg38 16q22.1-24.3(chr16:70514631-90081985)x3,,copy number gain,copy number gain,16,16q22.1-24.3,70514631,,Pathogenic,"criteria provided, single submitter",2011/08/12 00:00,See cases,CNV/structural,
VCV000058645,GRCh38/hg38 16q21-24.3(chr16:65313395-90081985)x3,GRCh38/hg38 16q21-24.3(chr16:65313395-90081985)x3,,copy number gain,copy number gain,16,16q21-24.3,65313395,,Pathogenic,"criteria provided, single submitter",2011/08/12 00:00,See cases,CNV/structural,
VCV000057187,GRCh38/hg38 16q23.1-24.3(chr16:78816291-90081985)x3,GRCh38/hg38 16q23.1-24.3(chr16:78816291-90081985)x3,,copy number gain,copy number gain,16,16q23.1-24.3,78816291,,Pathogenic,"criteria provided, single submitter",2011/08/12 00:00,See cases,CNV/structural,
VCV004820083,Multiple alleles,NC_000016.10:g.78145461_78185246delinsTTTTTCTGGACTTCCGAAC,,Haplotype,Indel,16,16q23.1,78145461,,Pathogenic,"criteria provided, single submitter",2024/06/12 00:00,"Developmental and epileptic encephalopathy, 28",Frameshift/indel,
VCV003756670,NM_016373.4(WWOX):c.66_107+82delinsC,NM_016373.4(WWOX):c.66_107+82delinsC,,Indel,Indel,16,16q23.1,78099844,,Likely pathogenic,"criteria provided, single submitter",2024/11/19 00:00,"Autosomal recessive spinocerebellar ataxia 12; Developmental and epileptic encephalopathy, 1",Frameshift/indel,
VCV002940258,NM_016373.4(WWOX):c.107+1_107+2delinsTA,NM_016373.4(WWOX):c.107+1_107+2delinsTA,,Indel,Indel,16,16q23.1,78099886,NC_000016.10:78099885:GT:TA,Pathogenic,"criteria provided, single submitter",2023/10/25 00:00,"Autosomal recessive spinocerebellar ataxia 12; Developmental and epileptic encephalopathy, 1",Frameshift/indel,
VCV001712484,NC_000016.9:g.78179358_78219143delins[78185355_78199419inv],NC_000016.9:g.78179358_78219143delins[78185355_78199419inv],,Indel,Indel,,,,,Pathogenic,"criteria provided, single submitter",1/01/01 00:00,Autosomal recessive spinocerebellar ataxia 12,Frameshift/indel,
VCV001480445,NM_016373.4(WWOX):c.605+1_605+2delinsAA,NM_016373.4(WWOX):c.605+1_605+2delinsAA,,Indel,Indel,16,16q23.1,78386949,NC_000016.10:78386948:GT:AA,Likely pathogenic,"criteria provided, single submitter",2021/08/12 00:00,"Autosomal recessive spinocerebellar ataxia 12; Developmental and epileptic encephalopathy, 1",Frameshift/indel,
VCV001979930,NM_016373.4(WWOX):c.1A>C (p.Met1Leu),c.1A>C,p.Met1Leu,single nucleotide variant,single nucleotide variant,16,16q23.1,78099779,NC_000016.10:78099778:A:C,Pathogenic,"criteria provided, single submitter",2022/05/07 00:00,"Autosomal recessive spinocerebellar ataxia 12; Developmental and epileptic encephalopathy, 1",Missense,1.0
VCV001898392,NM_016373.4(WWOX):c.2T>C (p.Met1Thr),c.2T>C,p.Met1Thr,single nucleotide variant,single nucleotide variant,16,16q23.1,78099780,NC_000016.10:78099779:T:C,Pathogenic,"criteria provided, single submitter",2024/12/23 00:00,"Autosomal recessive spinocerebellar ataxia 12; Developmental and epileptic encephalopathy, 1",Missense,1.0
VCV003336604,NM_016373.4(WWOX):c.35C>T (p.Thr12Met),c.35C>T,p.Thr12Met,single nucleotide variant,single nucleotide variant,16,16q23.1,78099813,NC_000016.10:78099812:C:T,Likely pathogenic,"criteria provided, single submitter",2024/08/06 00:00,"Developmental and epileptic encephalopathy, 28",Missense,12.0
VCV000803275,NM_016373.4(WWOX):c.136C>T (p.His46Tyr),c.136C>T,p.His46Tyr,single nucleotide variant,single nucleotide variant,16,16q23.1,78108451,NC_000016.10:78108450:C:T,Likely pathogenic,"criteria provided, single submitter",2019/05/28 00:00,"Developmental and epileptic encephalopathy, 1",Missense,46.0
VCV000180251,NM_016373.4(WWOX):c.140C>G (p.Pro47Arg),c.140C>G,p.Pro47Arg,single nucleotide variant,single nucleotide variant,16,16q23.1,78108455,NC_000016.10:78108454:C:G,Pathogenic,no assertion criteria provided,2015/01/01 00:00,"Developmental and epileptic encephalopathy, 28",Missense,47.0
VCV000100649,NM_016373.4(WWOX):c.139C>A (p.Pro47Thr),c.139C>A,p.Pro47Thr,single nucleotide variant,single nucleotide variant,16,16q23.1,78108454,NC_000016.10:78108453:C:A,Pathogenic,no assertion criteria provided,2014/02/01 00:00,Autosomal recessive spinocerebellar ataxia 12,Missense,47.0
VCV000429263,NM_016373.4(WWOX):c.172G>A (p.Asp58Asn),c.172G>A,p.Asp58Asn,single nucleotide variant,single nucleotide variant,16,16q23.1,78108487,NC_000016.10:78108486:G:A,Likely pathogenic,"criteria provided, single submitter",2015/08/10 00:00,not provided,Missense,58.0
VCV000813767,NM_016373.4(WWOX):c.689A>C (p.Gln230Pro),c.689A>C,p.Gln230Pro,single nucleotide variant,single nucleotide variant,16,16q23.1,78424953,NC_000016.10:78424952:A:C,Pathogenic/Likely pathogenic,"criteria provided, multiple submitters, no conflicts",2025/07/16 00:00,"Abnormality of the nervous system; Autosomal recessive spinocerebellar ataxia 12; Developmental and epileptic encephalopathy, 1; Developmental and epileptic encephalopathy, 28; Early Infantile Epileptic Encephalopathy, Autosomal Recessive; Malignant tumor of esophagus; WWOX-related disorder; not provided",Missense,230.0
VCV003366921,NM_016373.4(WWOX):c.895T>C (p.Cys299Arg),c.895T>C,p.Cys299Arg,single nucleotide variant,single nucleotide variant,16,16q23.1,78432591,NC_000016.10:78432590:T:C,Likely pathogenic,"criteria provided, single submitter",2024/09/20 00:00,"Developmental and epileptic encephalopathy, 28",Missense,299.0
VCV001339503,NM_016373.4(WWOX):c.929G>C (p.Arg310Pro),c.929G>C,p.Arg310Pro,single nucleotide variant,single nucleotide variant,16,16q23.1,78432625,NC_000016.10:78432624:G:C,Likely pathogenic,"criteria provided, single submitter",1/01/01 00:00,"Developmental and epileptic encephalopathy, 28",Missense,310.0
VCV001686306,NM_016373.4(WWOX):c.1056G>C (p.Met352Ile),c.1056G>C,p.Met352Ile,single nucleotide variant,single nucleotide variant,16,16q23.1,78432752,NC_000016.10:78432751:G:C,Pathogenic,"criteria provided, single submitter",2022/05/04 00:00,Malignant tumor of esophagus,Missense,352.0
VCV001334431,NM_016373.4(WWOX):c.1063G>C (p.Gly355Arg),c.1063G>C,p.Gly355Arg,single nucleotide variant,single nucleotide variant,16,16q23.2,79211614,NC_000016.10:79211613:G:C,Likely pathogenic,no assertion criteria provided,1/01/01 00:00,"Developmental and epileptic encephalopathy, 28",Missense,355.0
VCV000100648,NM_016373.4(WWOX):c.1114G>C (p.Gly372Arg),c.1114G>C,p.Gly372Arg,single nucleotide variant,single nucleotide variant,16,16q23.2,79211665,NC_000016.10:79211664:G:C,Pathogenic/Likely pathogenic,"criteria provided, multiple submitters, no conflicts",2025/07/25 00:00,"Autosomal recessive spinocerebellar ataxia 12; Developmental and epileptic encephalopathy, 28; not provided",Missense,372.0
VCV001180753,NM_016373.4(WWOX):c.102C>A (p.Tyr34Ter),c.102C>A,p.Tyr34Ter,single nucleotide variant,single nucleotide variant,16,16q23.1,78099880,NC_000016.10:78099879:C:A,Likely pathogenic,"criteria provided, single submitter",2021/07/10 00:00,Abnormality of the nervous system,Nonsense/stop-gain,34.0
VCV001068501,NM_016373.4(WWOX):c.127C>T (p.Gln43Ter),c.127C>T,p.Gln43Ter,single nucleotide variant,single nucleotide variant,16,16q23.1,78108442,NC_000016.10:78108441:C:T,Pathogenic,"criteria provided, multiple submitters, no conflicts",2024/09/20 00:00,"Autosomal recessive spinocerebellar ataxia 12; Developmental and epileptic encephalopathy, 1; Developmental and epileptic encephalopathy, 28",Nonsense/stop-gain,43.0
VCV000489204,NM_016373.4(WWOX):c.132G>A (p.Trp44Ter),c.132G>A,p.Trp44Ter,single nucleotide variant,single nucleotide variant,16,16q23.1,78108447,NC_000016.10:78108446:G:A,Pathogenic,"criteria provided, single submitter",2017/12/05 00:00,not provided,Nonsense/stop-gain,44.0
VCV000372547,NM_016373.4(WWOX):c.131G>A (p.Trp44Ter),c.131G>A,p.Trp44Ter,single nucleotide variant,single nucleotide variant,16,16q23.1,78108446,NC_000016.10:78108445:G:A,Pathogenic,"criteria provided, multiple submitters, no conflicts",2022/06/27 00:00,"Autosomal recessive spinocerebellar ataxia 12; Developmental and epileptic encephalopathy, 1; not provided",Nonsense/stop-gain,44.0
VCV000120325,NM_016373.4(WWOX):c.160C>T (p.Arg54Ter),c.160C>T,p.Arg54Ter,single nucleotide variant,single nucleotide variant,16,16q23.1,78108475,NC_000016.10:78108474:C:T,Pathogenic,"criteria provided, multiple submitters, no conflicts",2025/08/25 00:00,"Autosomal recessive spinocerebellar ataxia 12; Developmental and epileptic encephalopathy, 1; Developmental and epileptic encephalopathy, 28; WWOX-related diosrder",Nonsense/stop-gain,54.0
VCV003366925,NM_016373.4(WWOX):c.183C>G (p.Tyr61Ter),c.183C>G,p.Tyr61Ter,single nucleotide variant,single nucleotide variant,16,16q23.1,78109788,NC_000016.10:78109787:C:G,Pathogenic,"criteria provided, multiple submitters, no conflicts",2025/12/19 00:00,"Autosomal recessive spinocerebellar ataxia 12; Developmental and epileptic encephalopathy, 1; Developmental and epileptic encephalopathy, 28",Nonsense/stop-gain,61.0
VCV000373951,NM_016373.4(WWOX):c.183C>A (p.Tyr61Ter),c.183C>A,p.Tyr61Ter,single nucleotide variant,single nucleotide variant,16,16q23.1,78109788,NC_000016.10:78109787:C:A,Pathogenic/Likely pathogenic,"criteria provided, multiple submitters, no conflicts",2024/09/20 00:00,"Developmental and epileptic encephalopathy, 28",Nonsense/stop-gain,61.0
VCV000976436,NM_016373.4(WWOX):c.184G>T (p.Gly62Ter),c.184G>T,p.Gly62Ter,single nucleotide variant,single nucleotide variant,16,16q23.1,78109789,NC_000016.10:78109788:G:T,Pathogenic,"criteria provided, single submitter",2020/01/21 00:00,"Developmental and epileptic encephalopathy, 28",Nonsense/stop-gain,62.0
VCV003366926,NM_016373.4(WWOX):c.196G>T (p.Glu66Ter),c.196G>T,p.Glu66Ter,single nucleotide variant,single nucleotide variant,16,16q23.1,78109801,NC_000016.10:78109800:G:T,Pathogenic,"criteria provided, single submitter",2024/09/20 00:00,"Developmental and epileptic encephalopathy, 28",Nonsense/stop-gain,66.0
VCV000449920,NM_016373.4(WWOX):c.214C>T (p.Gln72Ter),c.214C>T,p.Gln72Ter,single nucleotide variant,single nucleotide variant,16,16q23.1,78109819,NC_000016.10:78109818:C:T,Pathogenic/Likely pathogenic,"criteria provided, multiple submitters, no conflicts",2026/01/21 00:00,"Autosomal recessive spinocerebellar ataxia 12; Developmental and epileptic encephalopathy, 1; Developmental and epileptic encephalopathy, 28; not provided",Nonsense/stop-gain,72.0
VCV000419259,NM_016373.4(WWOX):c.255C>G (p.Tyr85Ter),c.255C>G,p.Tyr85Ter,single nucleotide variant,single nucleotide variant,16,16q23.1,78115000,NC_000016.10:78114999:C:G,Pathogenic,"criteria provided, multiple submitters, no conflicts",2024/11/05 00:00,"Autosomal recessive spinocerebellar ataxia 12; Developmental and epileptic encephalopathy, 1; not provided",Nonsense/stop-gain,85.0
VCV001180630,NM_016373.4(WWOX):c.321C>A (p.Tyr107Ter),c.321C>A,p.Tyr107Ter,single nucleotide variant,single nucleotide variant,16,16q23.1,78115066,NC_000016.10:78115065:C:A,Pathogenic/Likely pathogenic,"criteria provided, multiple submitters, no conflicts",2024/09/20 00:00,"Abnormality of the nervous system; Developmental and epileptic encephalopathy, 28",Nonsense/stop-gain,107.0
VCV001072064,NM_016373.4(WWOX):c.321C>G (p.Tyr107Ter),c.321C>G,p.Tyr107Ter,single nucleotide variant,single nucleotide variant,16,16q23.1,78115066,NC_000016.10:78115065:C:G,Pathogenic,"criteria provided, multiple submitters, no conflicts",2024/09/20 00:00,"Autosomal recessive spinocerebellar ataxia 12; Developmental and epileptic encephalopathy, 1; Developmental and epileptic encephalopathy, 28",Nonsense/stop-gain,107.0
VCV004850426,NM_016373.4(WWOX):c.403G>T (p.Gly135Ter),c.403G>T,p.Gly135Ter,single nucleotide variant,single nucleotide variant,16,16q23.1,78115148,NC_000016.10:78115147:G:T,Likely pathogenic,"criteria provided, single submitter",2025/09/23 00:00,"Autosomal recessive spinocerebellar ataxia 12; Developmental and epileptic encephalopathy, 28",Nonsense/stop-gain,135.0
VCV000225517,NM_016373.4(WWOX):c.511G>T (p.Glu171Ter),c.511G>T,p.Glu171Ter,single nucleotide variant,single nucleotide variant,16,16q23.1,78164284,NC_000016.10:78164283:G:T,Likely pathogenic,"criteria provided, single submitter",2016/03/18 00:00,Autosomal recessive spinocerebellar ataxia 12,Nonsense/stop-gain,171.0
VCV004852515,NM_016373.4(WWOX):c.571C>T (p.Gln191Ter),c.571C>T,p.Gln191Ter,single nucleotide variant,single nucleotide variant,16,16q23.1,78386914,NC_000016.10:78386913:C:T,Likely pathogenic,"criteria provided, single submitter",2023/01/01 00:00,West syndrome,Nonsense/stop-gain,191.0
VCV000568364,NM_016373.4(WWOX):c.583G>T (p.Glu195Ter),c.583G>T,p.Glu195Ter,single nucleotide variant,single nucleotide variant,16,16q23.1,78386926,NC_000016.10:78386925:G:T,Pathogenic/Likely pathogenic,"criteria provided, multiple submitters, no conflicts",2018/09/12 00:00,"Autosomal recessive spinocerebellar ataxia 12; Developmental and epileptic encephalopathy, 1; not provided",Nonsense/stop-gain,195.0
VCV001033412,NM_016373.4(WWOX):c.730C>T (p.Gln244Ter),c.730C>T,p.Gln244Ter,single nucleotide variant,single nucleotide variant,16,16q23.1,78424994,NC_000016.10:78424993:C:T,Pathogenic/Likely pathogenic,"criteria provided, multiple submitters, no conflicts",2023/06/30 00:00,"Developmental and epileptic encephalopathy, 28; not provided",Nonsense/stop-gain,244.0
VCV000284393,NM_016373.4(WWOX):c.749C>G (p.Ser250Ter),c.749C>G,p.Ser250Ter,single nucleotide variant,single nucleotide variant,16,16q23.1,78425013,NC_000016.10:78425012:C:G,Pathogenic,"criteria provided, multiple submitters, no conflicts",2024/09/20 00:00,"Autosomal recessive spinocerebellar ataxia 12; Developmental and epileptic encephalopathy, 1; Developmental and epileptic encephalopathy, 28; Inborn genetic diseases; not provided",Nonsense/stop-gain,250.0
VCV000241104,NM_016373.4(WWOX):c.779C>G (p.Ser260Ter),c.779C>G,p.Ser260Ter,single nucleotide variant,single nucleotide variant,16,16q23.1,78425043,NC_000016.10:78425042:C:G,Pathogenic,"criteria provided, single submitter",2022/09/07 00:00,"Autosomal recessive spinocerebellar ataxia 12; Developmental and epileptic encephalopathy, 1",Nonsense/stop-gain,260.0
VCV000241105,NM_016373.4(WWOX):c.790C>T (p.Arg264Ter),c.790C>T,p.Arg264Ter,single nucleotide variant,single nucleotide variant,16,16q23.1,78425054,NC_000016.10:78425053:C:T,Pathogenic/Likely pathogenic,"criteria provided, multiple submitters, no conflicts",2025/12/19 00:00,"Autosomal recessive spinocerebellar ataxia 12; Developmental and epileptic encephalopathy, 1; Developmental and epileptic encephalopathy, 28; Malignant tumor of esophagus; not provided",Nonsense/stop-gain,264.0
VCV003366919,NM_016373.4(WWOX):c.864G>A (p.Trp288Ter),c.864G>A,p.Trp288Ter,single nucleotide variant,single nucleotide variant,16,16q23.1,78432560,NC_000016.10:78432559:G:A,Pathogenic,"criteria provided, single submitter",2024/09/20 00:00,"Developmental and epileptic encephalopathy, 28",Nonsense/stop-gain,288.0
VCV002942432,NM_016373.4(WWOX):c.863G>A (p.Trp288Ter),c.863G>A,p.Trp288Ter,single nucleotide variant,single nucleotide variant,16,16q23.1,78432559,NC_000016.10:78432558:G:A,Pathogenic,"criteria provided, single submitter",2022/12/17 00:00,"Autosomal recessive spinocerebellar ataxia 12; Developmental and epileptic encephalopathy, 1",Nonsense/stop-gain,288.0
VCV000180249,NM_016373.4(WWOX):c.1005G>A (p.Trp335Ter),c.1005G>A,p.Trp335Ter,single nucleotide variant,single nucleotide variant,16,16q23.1,78432701,NC_000016.10:78432700:G:A,Pathogenic,no assertion criteria provided,2015/01/01 00:00,"Developmental and epileptic encephalopathy, 28",Nonsense/stop-gain,335.0
VCV001381570,NM_016373.4(WWOX):c.1057C>T (p.Gln353Ter),c.1057C>T,p.Gln353Ter,single nucleotide variant,single nucleotide variant,16,16q23.2,79211608,NC_000016.10:79211607:C:T,Pathogenic,"criteria provided, single submitter",2025/12/24 00:00,"Autosomal recessive spinocerebellar ataxia 12; Developmental and epileptic encephalopathy, 1",Nonsense/stop-gain,353.0
VCV000450593,NM_016373.4(WWOX):c.1114G>T (p.Gly372Ter),c.1114G>T,p.Gly372Ter,single nucleotide variant,single nucleotide variant,16,16q23.2,79211665,NC_000016.10:79211664:G:T,Pathogenic/Likely pathogenic,"criteria provided, multiple submitters, no conflicts",2025/01/13 00:00,"Autosomal recessive spinocerebellar ataxia 12; Developmental and epileptic encephalopathy, 1; Developmental and epileptic encephalopathy, 28; See cases; not provided",Nonsense/stop-gain,372.0
VCV001329854,NM_016373.4(WWOX):c.1171G>T (p.Glu391Ter),c.1171G>T,p.Glu391Ter,single nucleotide variant,single nucleotide variant,16,16q23.2,79211722,NC_000016.10:79211721:G:T,Pathogenic,"criteria provided, multiple submitters, no conflicts",2024/09/20 00:00,"Developmental and epileptic encephalopathy, 28; Neurodevelopmental delay",Nonsense/stop-gain,391.0
VCV004813595,NM_016373.4(WWOX):c.231-1G>C,NM_016373.4(WWOX):c.231-1G>C,,single nucleotide variant,single nucleotide variant,16,16q23.1,78114975,NC_000016.10:78114974:G:C,Pathogenic,"criteria provided, single submitter",2026/03/05 00:00,"Developmental and epileptic encephalopathy, 28",Splice-region,
VCV004790401,NM_016373.4(WWOX):c.410-2A>G,NM_016373.4(WWOX):c.410-2A>G,,single nucleotide variant,single nucleotide variant,16,16q23.1,78164181,NC_000016.10:78164180:A:G,Likely pathogenic,"criteria provided, single submitter",2025/02/04 00:00,"Autosomal recessive spinocerebellar ataxia 12; Developmental and epileptic encephalopathy, 1",Splice-region,
VCV004787642,NM_016373.4(WWOX):c.172+2T>G,NM_016373.4(WWOX):c.172+2T>G,,single nucleotide variant,single nucleotide variant,16,16q23.1,78108489,NC_000016.10:78108488:T:G,Likely pathogenic,"criteria provided, single submitter",2025/06/10 00:00,"Autosomal recessive spinocerebellar ataxia 12; Developmental and epileptic encephalopathy, 1",Splice-region,
VCV004528361,NM_016373.4(WWOX):c.107+1G>C,NM_016373.4(WWOX):c.107+1G>C,,single nucleotide variant,single nucleotide variant,16,16q23.1,78099886,NC_000016.10:78099885:G:C,Likely pathogenic,"criteria provided, single submitter",2025/02/07 00:00,"Developmental and epileptic encephalopathy, 28",Splice-region,
VCV004415797,NM_016373.4(WWOX):c.409+2T>C,NM_016373.4(WWOX):c.409+2T>C,,single nucleotide variant,single nucleotide variant,16,16q23.1,78115156,NC_000016.10:78115155:T:C,Pathogenic,"criteria provided, single submitter",2025/11/30 00:00,"Autosomal recessive spinocerebellar ataxia 12; Developmental and epileptic encephalopathy, 1",Splice-region,
VCV004294336,NM_016373.4(WWOX):c.517-33804G>A,NM_016373.4(WWOX):c.517-33804G>A,,single nucleotide variant,single nucleotide variant,16,16q23.1,78353056,NC_000016.10:78353055:G:A,Likely pathogenic,"criteria provided, single submitter",2025/10/22 00:00,"Developmental and epileptic encephalopathy, 28",Splice-region,
VCV003774965,NM_016373.4(WWOX):c.517-2A>G,NM_016373.4(WWOX):c.517-2A>G,,single nucleotide variant,single nucleotide variant,16,16q23.1,78386858,NC_000016.10:78386857:A:G,Pathogenic,"criteria provided, single submitter",2024/09/25 00:00,not provided,Splice-region,
VCV003761420,NM_016373.4(WWOX):c.791+1G>C,NM_016373.4(WWOX):c.791+1G>C,,single nucleotide variant,single nucleotide variant,16,16q23.1,78425056,NC_000016.10:78425055:G:C,Likely pathogenic,"criteria provided, single submitter",2024/09/29 00:00,"Autosomal recessive spinocerebellar ataxia 12; Developmental and epileptic encephalopathy, 1",Splice-region,
VCV003753089,NM_016373.4(WWOX):c.107+2T>G,NM_016373.4(WWOX):c.107+2T>G,,single nucleotide variant,single nucleotide variant,16,16q23.1,78099887,NC_000016.10:78099886:T:G,Likely pathogenic,"criteria provided, single submitter",2024/12/22 00:00,"Autosomal recessive spinocerebellar ataxia 12; Developmental and epileptic encephalopathy, 1",Splice-region,
VCV002939366,NM_016373.4(WWOX):c.605+2T>C,NM_016373.4(WWOX):c.605+2T>C,,single nucleotide variant,single nucleotide variant,16,16q23.1,78386950,NC_000016.10:78386949:T:C,Likely pathogenic,"criteria provided, single submitter",2023/08/16 00:00,"Autosomal recessive spinocerebellar ataxia 12; Developmental and epileptic encephalopathy, 1",Splice-region,
VCV002137848,NM_016373.4(WWOX):c.173-1G>T,NM_016373.4(WWOX):c.173-1G>T,,single nucleotide variant,single nucleotide variant,16,16q23.1,78109777,NC_000016.10:78109776:G:T,Pathogenic,"criteria provided, multiple submitters, no conflicts",2025/07/03 00:00,"Autosomal recessive spinocerebellar ataxia 12; Developmental and epileptic encephalopathy, 1; not provided",Splice-region,
VCV002114515,NM_016373.4(WWOX):c.173-1G>C,NM_016373.4(WWOX):c.173-1G>C,,single nucleotide variant,single nucleotide variant,16,16q23.1,78109777,NC_000016.10:78109776:G:C,Pathogenic,"criteria provided, multiple submitters, no conflicts",2025/12/08 00:00,"Autosomal recessive spinocerebellar ataxia 12; Developmental and epileptic encephalopathy, 1; Early Infantile Epileptic Encephalopathy, Autosomal Recessive",Splice-region,
VCV001676782,NM_016373.4(WWOX):c.172+1G>C,NM_016373.4(WWOX):c.172+1G>C,,single nucleotide variant,single nucleotide variant,16,16q23.1,78108488,NC_000016.10:78108487:G:C,Pathogenic,"criteria provided, single submitter",2022/03/07 00:00,"Autosomal recessive spinocerebellar ataxia 12; Developmental and epileptic encephalopathy, 28",Splice-region,
VCV001459088,NM_016373.4(WWOX):c.517-1G>T,NM_016373.4(WWOX):c.517-1G>T,,single nucleotide variant,single nucleotide variant,16,16q23.1,78386859,NC_000016.10:78386858:G:T,Pathogenic,"criteria provided, single submitter",2021/06/17 00:00,"Autosomal recessive spinocerebellar ataxia 12; Developmental and epileptic encephalopathy, 1",Splice-region,
VCV001339501,NM_016373.4(WWOX):c.409+1G>T,NM_016373.4(WWOX):c.409+1G>T,,single nucleotide variant,single nucleotide variant,16,16q23.1,78115155,NC_000016.10:78115154:G:T,Pathogenic,"criteria provided, single submitter",1/01/01 00:00,"Developmental and epileptic encephalopathy, 28",Splice-region,
VCV001067517,NM_016373.4(WWOX):c.791+1G>T,NM_016373.4(WWOX):c.791+1G>T,,single nucleotide variant,single nucleotide variant,16,16q23.1,78425056,NC_000016.10:78425055:G:T,Likely pathogenic,"criteria provided, multiple submitters, no conflicts",2024/09/20 00:00,"Autosomal recessive spinocerebellar ataxia 12; Developmental and epileptic encephalopathy, 1; Developmental and epileptic encephalopathy, 28",Splice-region,
VCV000804478,NM_016373.4(WWOX):c.108-2A>T,NM_016373.4(WWOX):c.108-2A>T,,single nucleotide variant,single nucleotide variant,16,16q23.1,78108421,NC_000016.10:78108420:A:T,Likely pathogenic,"criteria provided, single submitter",2019/06/20 00:00,"Autosomal recessive spinocerebellar ataxia 12; Developmental and epileptic encephalopathy, 28; Malignant tumor of esophagus",Splice-region,
VCV000689796,NM_016373.4(WWOX):c.107+1G>A,NM_016373.4(WWOX):c.107+1G>A,,single nucleotide variant,single nucleotide variant,16,16q23.1,78099886,NC_000016.10:78099885:G:A,Pathogenic/Likely pathogenic,"criteria provided, multiple submitters, no conflicts",2025/07/17 00:00,"Autosomal recessive WWOX-related disorders; Autosomal recessive spinocerebellar ataxia 12; Developmental and epileptic encephalopathy, 1; Developmental and epileptic encephalopathy, 28; See cases; WWOX-related disorder; West syndrome; not provided",Splice-region,
VCV000495112,NM_016373.4(WWOX):c.791+1G>A,NM_016373.4(WWOX):c.791+1G>A,,single nucleotide variant,single nucleotide variant,16,16q23.1,78425056,NC_000016.10:78425055:G:A,Likely pathogenic,"criteria provided, single submitter",2016/07/08 00:00,"Developmental and epileptic encephalopathy, 28",Splice-region,
VCV000450592,NM_016373.4(WWOX):c.605+5G>A,NM_016373.4(WWOX):c.605+5G>A,,single nucleotide variant,single nucleotide variant,16,16q23.1,78386953,NC_000016.10:78386952:G:A,Pathogenic/Likely pathogenic,"criteria provided, multiple submitters, no conflicts",2025/02/15 00:00,"Autosomal recessive spinocerebellar ataxia 12; Developmental and epileptic encephalopathy, 1; Developmental and epileptic encephalopathy, 28; not provided",Splice-region,
VCV000410092,NM_016373.4(WWOX):c.409+1G>C,NM_016373.4(WWOX):c.409+1G>C,,single nucleotide variant,single nucleotide variant,16,16q23.1,78115155,NC_000016.10:78115154:G:C,Pathogenic/Likely pathogenic,"criteria provided, multiple submitters, no conflicts",2025/01/06 00:00,"Autosomal recessive spinocerebellar ataxia 12; Developmental and epileptic encephalopathy, 1; Developmental and epileptic encephalopathy, 28",Splice-region,
VCV000265596,NM_016373.4(WWOX):c.410-1G>A,NM_016373.4(WWOX):c.410-1G>A,,single nucleotide variant,single nucleotide variant,16,16q23.1,78164182,NC_000016.10:78164181:G:A,Pathogenic/Likely pathogenic,"criteria provided, multiple submitters, no conflicts",2026/01/12 00:00,"Autosomal recessive spinocerebellar ataxia 12; Developmental and epileptic encephalopathy, 1; not provided",Splice-region,
VCV000183303,NM_016373.4(WWOX):c.606-1G>A,NM_016373.4(WWOX):c.606-1G>A,,single nucleotide variant,single nucleotide variant,16,16q23.1,78424869,NC_000016.10:78424868:G:A,Pathogenic,"criteria provided, multiple submitters, no conflicts",2025/10/07 00:00,"Autosomal recessive spinocerebellar ataxia 12; Developmental and epileptic encephalopathy, 1; Developmental and epileptic encephalopathy, 28; Esophageal squamous cell carcinoma; WWOX-related disorder; not provided",Splice-region,
