pmid	year	free_full_text	type	doi	title
42327583	2026	yes	primary	10.7150/jca.133473	GALNT14-rs9679162 Genotypes Predict Post-immunotherapy Side Effect and Survival in Patients with Hepatitis B Virus-related Hepatocellular Carcinoma
42275215	2026	no	primary	10.1016/j.celrep.2026.117547	RNF138 promotes cisplatin resistance and PD-L1-mediated immune evasion via JAK2/STAT3 activation in nasopharyngeal carcinoma
42266427	2026	yes	primary	10.1093/braincomms/fcag189	Genetic analysis of limbic-predominant age-related TDP-43 encephalopathy neuropathologic change in a population-based cohort of the oldest old
42193054	2026	yes	review	10.3390/cimb48050449	WWOX-Related Epileptic Encephalopathy (WOREE Syndrome): Clinical Case Study and Literature Review
42135313	2026	no	primary	10.1038/s41531-026-01367-y	Multi-locus genetic dosage shapes cognitive disease progression in Parkinson's patients: 15-year meta-analysis of 24 cohorts
42128308	2026	no	review	10.1016/j.nbd.2026.107446	WWOX in brain development and disease: Molecular mechanisms and therapeutic opportunities
42082822	2026	yes	primary	10.1007/s43032-026-02112-9	The Role of WWOX Gene Variant in Hypospadias and 46,XY Disorders of Sexual Development
41984841	2026	yes	primary	10.1073/pnas.2534844123	WWOX maintains epidermal identity and suppresses EMT to prevent aggressive cutaneous squamous cell carcinoma
41966396	2026	no	primary	10.3168/jds.2026-28364	Comprehensive multi-omics analyses reveal small intestinal genetic mechanisms regulating milk protein traits in yak
41963310	2026	yes	primary	10.1038/s41420-026-03023-z	Berry-derived gold nanoparticles induce integrated ROS-mediated apoptosis, immune modulation, and transcriptomic remodeling in 4T1 triple-negative cancer cells
41677633	2026	yes	primary	10.3390/cells15030270	WWOX Induction Promotes Bcl-XL and Mcl-1 Degradation Through a Lysosomal Pathway upon Stress Responses
41562193	2026	yes	primary	10.1002/gcc.70106	Endogenous Processes Underlying Clock-Like Mutational Signatures
41561974	2026	yes	primary	10.3389/fgene.2025.1696764	Genomic and ancestral variations linked to the development of post-acute sequelae of SARS-CoV-2 infection in Indian populations
41510857	2026	no	primary	10.4103/neurol-india.Neurol-India-D-24-00886	An Overview of Drug-Resistant Epilepsies Based on Advances in Genetics: A Cohort Study
41425714	2025	yes	primary	10.32604/or.2025.069230	ETS Family Transcription Factors in Gastric Cancer and the Role of ELF3 in the Core Metaplasia Transcription Factor Network
41378749	2025	yes	primary	10.1002/bdr2.70007	Folate Interaction With Genetic Risk for Neural Tube Defects Among Infants in Bangladesh
41254692	2025	yes	primary	10.1186/s12967-025-07301-9	Integrative multi-omics and Mendelian randomization identify WWOX and THBS2 as potential therapeutic targets in mature T/NK-cell lymphoma
41228229	2025	yes	review	10.3390/cancers17213435	The Role of WWOX in Cancer Progression: Mechanisms and Therapeutic Potential
41154849	2025	yes	primary	10.3390/biology14101446	Genome-Wide Association Study Revealed Candidate Genes Associated with Litter Size, Weight, and Body Size Traits in Tianmu Polytocous Sheep (Ovis aries)
41153369	2025	yes	primary	10.3390/genes16101152	Genetic Etiology of Developmental and Epileptic Encephalopathy in a Turkish Cohort: A Single-Center Study with Targeted Gene Panel and Whole Exome Sequencing
41141138	2025	yes	primary	10.7759/cureus.93160	Intertwined Relationship of WWOX and RUNX2 Proteins as a Biomarker for Predicting Response and Survival in Patients With Childhood Bone Cancer in North India: A Pilot Study
41124647	2026	yes	primary	10.1002/advs.202507602	Genetic and Functional Evidence Links Germline Biallelic Inactivating Variants in WWOX to Histological Mixed-Type Thyroid Cancer
41090157	2025	yes	primary	10.1016/j.bneo.2025.100153	B-cell-specific Wwox deletion promotes plasmablastic tumor development and proinflammatory signatures in myeloma model
41007296	2025	yes	primary	10.3390/biology14091151	Prognostic Significance of WWOX/HIF1A Ratio in Cancer Subtypes: Insights into Metabolism, ECM, and EMT
40507943	2025	yes	review	10.3390/ijms26115132	Hyaluronan: An Architect and Integrator for Cancer and Neural Diseases
40327201	2025	yes	review	10.1007/s10142-025-01601-5	Twenty-five years of WWOX insight in cancer: a treasure trove of knowledge
40263068	2025	no	primary	10.1016/j.tice.2025.102926	"Corrigendum to ""WWOX attenuates the progression of gallbladder cancer by suppressing cellular glycolysis through the modulation of the P73/HIF-1a signaling pathway"" [Tissue Cell 95 (2025) 102885]"
40198927	2025	no	primary	10.1016/j.tice.2025.102885	WWOX attenuates the progression of gallbladder cancer by suppressing cellular glycolysis through the modulation of the P73/HIF-1α signaling pathway
40191585	2025	yes	primary	10.1093/nargab/lqaf033	Identifying individuals with rare disease variants by inferring shared ancestral haplotypes from SNP array data
40139278	2025	no	primary	10.1016/j.nbd.2025.106887	Influence of WWOX/MAF genes on cognitive performance in patients with Parkinson's disease
40006511	2025	yes	primary	10.3390/pharmaceutics17020143	Novel Hydrogel-Mediated Lentiviral Gene Delivery via Intravesical Administration for Bladder Cancer Treatment
39955305	2025	yes	primary	10.1038/s41598-025-86148-y	Integrating bulk RNA-seq and scRNA-seq data to explore diverse cell death patterns and develop a programmed cell death-related relapse prediction model in pediatric B-ALL
39952983	2025	yes	primary	10.1038/s41598-024-81158-8	Genome-wide identification and functional validation of the WW domain containing oxidoreductase gene associated with sleep duration
39933386	2025	no	primary	10.1016/j.seizure.2025.01.025	Infantile Epileptic Spasms Syndrome: Unveiling clinical and genetic variability in a case series from Argentina
39868255	2025	yes	preprint	10.1101/2025.01.17.633677	Partial Wwox Loss of Function Increases Severity of Murine Sepsis and Neuroinflammation
39796213	2025	yes	review	10.3390/ijms26010357	Atypical B-Cell Acute Lymphoblastic Leukemia with iAMP21 in the Context of Constitutional Ring Chromosome 21: A Case Report and Review of the Genetic Insights
39507621	2024	yes	primary	10.3389/fgene.2024.1477466	Case report: Adult patient with WWOX developmental and epileptic encephalopathy: 40 years of observation
39500530	2024	yes	primary	10.1136/jitc-2024-010422	WWOX tuning of oleic acid signaling orchestrates immunosuppressive macrophage polarization and sensitizes hepatocellular carcinoma to immunotherapy
39473747	2024	yes	primary	10.55730/1300-0144.5891	Loss of WWOX contributes to cisplatin resistance in triple-negative breast cancer cells by modulating miR-182 and miR-214
39420317	2024	yes	primary	10.1186/s12964-024-01866-6	Dissociation of the nuclear WWOX/TRAF2 switch renders UV/cold shock-mediated nuclear bubbling cell death at low temperatures
39416860	2024	yes	primary	10.3389/fped.2024.1453778	WWOX-related epileptic encephalopathy caused by a novel mutation in the WWOX gene: a case report
39332629	2024	no	primary	10.1016/j.jmoldx.2024.08.004	High Prevalence of Chromosomal Rearrangements and LINE Retrotranspositions Detected in Formalin-Fixed, Paraffin-Embedded Colorectal Cancer Tissue
39223676	2024	yes	primary	10.1186/s13293-024-00644-w	Whole-genome de novo sequencing reveals genomic variants associated with differences of sex development in SRY negative pigs
39101447	2024	yes	primary	10.1002/mgg3.2500	Developmental epileptic encephalopathy caused by homozygosity of a c.172+1G>C variant in the WWOX gene
39087877	2025	yes	primary	10.1093/sleep/zsae169	Novel susceptibility genes and biomarkers for obstructive sleep apnea: insights from genetic and inflammatory proteins
38886371	2024	yes	primary	10.1038/s41598-024-63943-7	In vitro evolution and whole genome analysis to study chemotherapy drug resistance in haploid human cells
38563965	2024	yes	primary	10.1152/ajplung.00277.2023	Endothelial knockdown of the tumor suppressor, WWOX, increases inflammation in ventilator-induced lung injury
38542478	2024	yes	review	10.3390/ijms25063507	Zfra Overrides WWOX in Suppressing the Progression of Neurodegeneration
38499540	2024	yes	primary	10.1038/s41420-024-01878-8	Unveiling the relationship between WWOX and BRCA1 in mammary tumorigenicity and in DNA repair pathway selection
38384455	2024	yes	primary	10.3389/fimmu.2024.1280876	A genome-wide association study on hematopoietic stem cell transplantation reveals novel genomic loci associated with transplant outcomes
38355659	2024	yes	primary	10.1038/s41419-024-06518-8	Correction: WWOX promotes osteosarcoma development via upregulation of Myc
38282791	2024	yes	primary	10.2147/CMAR.S460239	LncRNA HOTAIRM1 Inhibits the Proliferation and Invasion of Lung Adenocarcinoma Cells via the miR-498/WWOX Axis [Retraction]
38232788	2024	no	primary	10.1016/j.exger.2024.112362	14-Week exercise training modifies the DNA methylation levels at gene sites in non-Alzheimer's disease women aged 50 to 70 years
38203337	2023	yes	primary	10.3390/ijms25010167	Mechanistic Investigation of WWOX Function in NF-kB-Induced Skin Inflammation in Psoriasis
38182577	2024	yes	primary	10.1038/s41419-023-06378-8	WWOX promotes osteosarcoma development via upregulation of Myc
38161429	2023	yes	review	10.3389/fped.2023.1301166	Neuroimaging features of WOREE syndrome: a mini-review of the literature
38056170	2024	no	primary	10.1016/j.meatsci.2023.109402	Genome-wide scans identify biological and metabolic pathways regulating carcass and meat quality traits in beef cattle
37974179	2023	yes	primary	10.1186/s12920-023-01731-4	Identification of compound heterozygous deletion of the WWOX gene in WOREE syndrome
37930698	2023	yes	primary	10.1001/jamanetworkopen.2023.41651	Neighborhood Deprivation and DNA Methylation and Expression of Cancer Genes in Breast Tumors
37897534	2023	yes	primary	10.1007/s00018-023-04950-1	Loss of fragile WWOX gene leads to senescence escape and genome instability
37781246	2023	yes	primary	10.3389/fnins.2023.1260409	Molecular landscapes of glioblastoma cell lines revealed a group of patients that do not benefit from WWOX tumor suppressor expression
37686047	2023	yes	primary	10.3390/ijms241713242	Multi-Omics Analysis of NCI-60 Cell Line Data Reveals Novel Metabolic Processes Linked with Resistance to Alkylating Anti-Cancer Agents
37583270	2023	yes	primary	10.1002/epi4.12811	Landscape of genetic infantile epileptic spasms syndrome-A multicenter cohort of 124 children from India
37519886	2023	yes	primary	10.3389/fgene.2023.1214968	LINC01137/miR-186-5p/WWOX: a novel axis identified from WWOX-related RNA interactome in bladder cancer
37501399	2023	yes	primary	10.24272/j.issn.2095-8137.2022.514	Population genetics of marmosets in Asian primate research centers and loci associated with epileptic risk revealed by whole-genome sequencing
37461096	2023	yes	primary	10.1186/s40246-023-00510-7	Landscape of germline pathogenic variants in patients with dual primary breast and lung cancer
37328865	2023	yes	primary	10.1186/s13195-023-01244-3	Shared genetic risk loci between Alzheimer's disease and related dementias, Parkinson's disease, and amyotrophic lateral sclerosis
37324196	2023	yes	primary	10.7150/ijms.84364	WWOX Polymorphisms as Predictors of the Biochemical Recurrence of Localized Prostate Cancer after Radical Prostatectomy
37248434	2023	yes	primary	10.1038/s41417-023-00626-x	WWOX binds MERIT40 and modulates its function in homologous recombination, implications in breast cancer
37095367	2023	yes	primary	10.1007/s12035-023-03346-3	Whole-Genome Sequencing Among Kazakhstani Children with Early-Onset Epilepsy Revealed New Gene Variants and Phenotypic Variability
36979157	2023	yes	primary	10.3390/biology12030465	Antineoplastic Nature of WWOX in Glioblastoma Is Mainly a Consequence of Reduced Cell Viability and Invasion
36975604	2023	yes	primary	10.3390/epigenomes7010008	Epigenome-Wide Changes in the Cell Layers of the Vein Wall When Exposing the Venous Endothelium to Oscillatory Shear Stress
36874126	2023	yes	primary	10.3389/fonc.2023.1151862	Editorial: The role of STAT3 signaling pathway in tumor progression
36828035	2023	yes	primary	10.1016/j.pneurobio.2023.102425	WWOX P47T partial loss-of-function mutation induces epilepsy, progressive neuroinflammation, and cerebellar degeneration in mice phenocopying human SCAR12
36779245	2023	yes	primary	10.1111/epi.17542	WWOX developmental and epileptic encephalopathy: Understanding the epileptology and the mortality risk
36587184	2022	yes	primary	10.1038/s41598-022-27173-z	Single-cell resolved ploidy and chromosomal aberrations in nonalcoholic steatohepatitis-(NASH) induced hepatocellular carcinoma and its precursor lesions
36572673	2022	yes	primary	10.1038/s41419-022-05519-9	Loss of tumor suppressor WWOX accelerates pancreatic cancer development through promotion of TGFβ/BMP2 signaling
36572560	2022	yes	primary	10.14348/molcells.2022.0130	Glycogen Synthase Kinase-3 Interaction Domain Enhances Phosphorylation of SARS-CoV-2 Nucleocapsid Protein
36553611	2022	yes	primary	10.3390/genes13122344	Detection of Association Features Based on Gene Eigenvalues and MRI Imaging Using Genetic Weighted Random Forest
36530994	2022	yes	primary	10.3389/fonc.2022.996820	WWOX-rs13338697 genotype predicts therapeutic efficacy of ADI-PEG 20 for patients with advanced hepatocellular carcinoma
36498839	2022	yes	primary	10.3390/ijms232314510	Zfra Inhibits the TRAPPC6AΔ-Initiated Pathway of Neurodegeneration
36364214	2022	yes	primary	10.3390/molecules27217388	WWOX Modulates ROS-Dependent Senescence in Bladder Cancer
36316632	2022	yes	primary	10.1186/s12864-022-08951-5	Genome-wide detection of RNA editing events during the hair follicles cycle of Tianzhu white yak
36291747	2022	yes	primary	10.3390/biom12101538	Heat Shock Protein Upregulation Supplemental to Complex mRNA Alterations in Autoimmune Glaucoma
36271927	2022	yes	review	10.1007/s00109-022-02265-5	WWOX and metabolic regulation in normal and pathological conditions
36071494	2022	yes	primary	10.1186/s40246-022-00405-z	Identification of recurrent variants implicated in disease in bicuspid aortic valve patients through whole-exome sequencing
35984507	2022	yes	primary	10.1007/s00018-022-04508-7	WWOX inhibition by Zfra1-31 restores mitochondrial homeostasis and viability of neuronal cells exposed to high glucose
35883580	2022	yes	review	10.3390/cells11142137	WWOX Controls Cell Survival, Immune Response and Disease Progression by pY33 to pS14 Transition to Alternate Signaling Partners
35716775	2022	yes	primary	10.1016/j.jbc.2022.102145	Structural insights into the role of the WW2 domain on tandem WW-PPxY motif interactions of oxidoreductase WWOX
35715422	2022	yes	primary	10.1038/s41598-022-13974-9	Analysis of clinical phenotypic and genotypic spectra in 36 children patients with Epilepsy of Infancy with Migrating Focal Seizures
35712340	2022	yes	primary	10.7759/cureus.25003	Novel Mutation With Literature Review WW Domain-Containing Oxidoreductase (WWOX) Gene
35655316	2022	yes	primary	10.1186/s13104-022-06081-5	Genome-wide linkage search for cancer susceptibility loci in a cohort of non BRCA1/2 families in Sri Lanka
35627222	2022	yes	primary	10.3390/genes13050837	Feature Fusion and Detection in Alzheimer's Disease Using a Novel Genetic Multi-Kernel SVM Based on MRI Imaging and Gene Data
35573960	2022	yes	primary	10.3389/fped.2022.847549	A Phenotypic-Driven Approach for the Diagnosis of WOREE Syndrome
35571988	2022	yes	primary	10.1093/noajnl/vdac045	Mitochondrial 1555 G>A variant as a potential risk factor for childhood glioblastoma
35563688	2022	yes	primary	10.3390/cells11091382	Determination of WWOX Function in Modulating Cellular Pathways Activated by AP-2α and AP-2γ Transcription Factors in Bladder Cancer
35559044	2022	yes	primary	10.3389/fgene.2022.843661	EHBP1, TUBB, and WWOX SNPs, Gene-Gene and Gene-Environment Interactions on Coronary Artery Disease and Ischemic Stroke
35460704	2022	yes	primary	10.1016/j.jlr.2022.100209	Whole-exome sequencing reveals damaging gene variants associated with hypoalphalipoproteinemia
35409089	2022	yes	primary	10.3390/ijms23073729	Wwox Binding to the Murine Brca1-BRCT Domain Regulates Timing of Brip1 and CtIP Phospho-Protein Interactions with This Domain at DNA Double-Strand Breaks, and Repair Pathway Choice
35383826	2023	yes	primary	10.1093/brain/awac128	Plasma biomarkers and genetics in the diagnosis and prediction of Alzheimer's disease
35363364	2022	no	review	10.26355/eurrev_202203_28362	Identification of epilepsy concomitant candidate genes recognized in Saudi epileptic patients
35328751	2022	yes	primary	10.3390/ijms23063326	The WWOX/HIF1A Axis Downregulation Alters Glucose Metabolism and Predispose to Metabolic Disorders
35290621	2022	yes	primary	10.1007/s13353-022-00690-3	TGFα-EGFR pathway in breast carcinogenesis, association with WWOX expression and estrogen activation
35107375	2022	yes	primary	10.1128/jvi.02026-21	WWOX-Mediated Degradation of AMOTp130 Negatively Affects Egress of Filovirus VP40 Virus-Like Particles
35053314	2022	yes	primary	10.3390/cells11020198	Correcting Differential Gene Expression Analysis for Cyto-Architectural Alterations in Substantia Nigra of Parkinson's Disease Patients Reveals Known and Potential Novel Disease-Associated Genes and Pathways
35047994	2021	yes	primary	10.3389/froh.2021.638213	Combination of Clptm1L and TMEM207 Expression as a Robust Prognostic Marker in Oral Squamous Cell Carcinoma
34948746	2021	yes	primary	10.3390/ijerph182413136	Effect of WW Domain-Containing Oxidoreductase Gene Polymorphism on Clinicopathological Characteristics of Patients with EGFR Mutant Lung Adenocarcinoma in Taiwan
34852950	2022	yes	primary	10.1016/j.neurobiolaging.2021.10.011	Association between WWOX/MAF variants and dementia-related neuropathologic endophenotypes
34831305	2021	yes	review	10.3390/cells10113082	WWOX-Related Neurodevelopmental Disorders: Models and Future Perspectives
34747138	2021	yes	primary	10.15252/emmm.202114599	Neonatal neuronal WWOX gene therapy rescues Wwox null phenotypes
34634460	2021	yes	primary	10.1016/j.nbd.2021.105529	Altered neocortical oscillations and cellular excitability in an in vitro Wwox knockout mouse model of epileptic encephalopathy
34513711	2021	yes	primary	10.3389/fonc.2021.735435	Corrigendum: Fragile Gene WWOX Guides TFAP2A/TFAP2C-Dependent Actions Against Tumor Progression in Grade II Bladder Cancer
34359949	2021	yes	review	10.3390/cells10071781	WWOX and Its Binding Proteins in Neurodegeneration
34268881	2021	yes	primary	10.15252/emmm.202013610	Modeling genetic epileptic encephalopathies using brain organoids
34214506	2021	yes	primary	10.1016/j.ajpath.2021.06.006	Photoreceptor Cell Calcium Dysregulation and Calpain Activation Promote Pathogenic Photoreceptor Oxidative Stress and Inflammation in Prodromal Diabetic Retinopathy
34210081	2021	yes	review	10.3390/cells10071637	Molecular Biology of the WWOX Gene That Spans Chromosomal Fragile Site FRA16D
34204827	2021	yes	primary	10.3390/cancers13122957	WWOX Loses the Ability to Regulate Oncogenic AP-2γ and Synergizes with Tumor Suppressor AP-2α in High-Grade Bladder Cancer
34204789	2021	yes	primary	10.3390/cancers13122955	PLEK2, RRM2, GCSH: A Novel WWOX-Dependent Biomarker Triad of Glioblastoma at the Crossroads of Cytoskeleton Reorganization and Metabolism Alterations
34140629	2021	yes	primary	10.1038/s42003-021-02271-2	Normal cells repel WWOX-negative or -dysfunctional cancer cells via WWOX cell surface epitope 286-299
33958783	2021	yes	primary	10.1038/s41588-021-00847-6	Genome-wide survival study identifies a novel synaptic locus and polygenic score for cognitive progression in Parkinson's disease
33946771	2021	yes	review	10.3390/cells10051051	Molecular Functions of WWOX Potentially Involved in Cancer Development
33919646	2021	yes	review	10.3390/ijms22084202	Genetic Neonatal-Onset Epilepsies and Developmental/Epileptic Encephalopathies with Movement Disorders: A Systematic Review
33916893	2021	yes	review	10.3390/cells10040824	Neurological Disorders Associated with WWOX Germline Mutations-A Comprehensive Overview
33914858	2021	no	primary	10.1093/brain/awab174	Neuronal deletion of Wwox, associated with WOREE syndrome, causes epilepsy and myelin defects
33854788	2021	yes	primary	10.1002/gch2.202000088	Metabolome-Genome-Wide Association Study (mGWAS) Reveals Novel Metabolites Associated with Future Type 2 Diabetes Risk and Susceptibility Loci in a Case-Control Study in a Chinese Prospective Cohort
33718178	2021	yes	primary	10.3389/fonc.2021.621060	Fragile Gene WWOX Guides TFAP2A/TFAP2C-Dependent Actions Against Tumor Progression in Grade II Bladder Cancer
33691672	2021	yes	primary	10.1186/s12894-021-00806-7	In vitro and in silico assessment of the effect of WWOX expression on invasiveness pathways associated with AP-2 transcription factors in bladder cancer
33688485	2020	yes	primary	10.22088/IJMCM.BUMS.9.4.273	Downregulated Expression of WWOX in Cervical Carcinoma: A Case-Control Study
33612478	2021	yes	primary	10.18632/aging.202514	Associations between TUBB-WWOX SNPs, their haplotypes, gene-gene, and gene-environment interactions and dyslipidemia
33565365	2021	yes	primary	10.1369/0022155421991629	Cellular Expression and Subcellular Localization of Wwox Protein During Testicular Development and Spermatogenesis in Rats
33536174	2021	yes	primary	10.1128/JVI.00121-21	Angiomotin Counteracts the Negative Regulatory Effect of Host WWOX on Viral PPxY-Mediated Egress
33520443	2021	yes	primary	10.7717/peerj.10604	Identification of a novel association for the WWOX/HIF1A axis with gestational diabetes mellitus (GDM)
33455117	2020	no	primary		Methylation of WWOX gene promotes proliferation of osteosarcoma cells
33255508	2020	yes	review	10.3390/ijms21238922	WWOX Loss of Function in Neurodevelopmental and Neurodegenerative Disorders
33195192	2020	yes	primary	10.3389/fcell.2020.558432	Wwox Deficiency Causes Downregulation of Prosurvival ERK Signaling and Abnormal Homeostatic Responses in Mouse Skin
33129329	2020	yes	primary	10.1186/s12917-020-02638-3	Characterization of WWOX expression and function in canine mast cell tumors and malignant mast cell lines
33105088	2021	yes	primary	10.1165/rcmb.2020-0444ED	Loss of Endothelial WWOX: A Risk Factor for ARDS in Smokers?
33074286	2021	yes	primary	10.1001/jamaneurol.2020.3536	Novel Alzheimer Disease Risk Loci and Pathways in African American Individuals Using the African Genome Resources Panel: A Meta-analysis
33058734	2021	yes	primary	10.1165/rcmb.2020-0145OC	Cigarette Smoke and Nicotine-Containing Electronic-Cigarette Vapor Downregulate Lung WWOX Expression, Which Is Associated with Increased Severity of Murine Acute Respiratory Distress Syndrome
32931356	2020	yes	primary	10.1080/15384047.2020.1806689	LncRNA WWOX-AS1 sponges miR-20b-5p in hepatocellular carcinoma and represses its progression by upregulating WWOX
32922661	2020	yes	primary	10.18632/oncotarget.27683	The NKL-code for innate lymphoid cells reveals deregulated expression of NKL homeobox genes HHEX and HLX in anaplastic large cell lymphoma (ALCL)
32799870	2020	yes	primary	10.1186/s12943-020-01242-1	Retraction Note: HGF and TGFβ1 differently influenced Wwox regulatory function on Twist program for mesenchymal-epithelial transition in bone metastatic versus parental breast carcinoma cells
32764489	2020	yes	primary	10.3390/cancers12082189	Therapeutic Zfra4-10 or WWOX7-21 Peptide Induces Complex Formation of WWOX with Selective Protein Targets in Organs that Leads to Cancer Suppression and Spleen Cytotoxic Memory Z Cell Activation In Vivo
32669614	2020	no	primary	10.1038/s41374-020-0466-8	The HNRNPA2B1-MST1R-Akt axis contributes to epithelial-to-mesenchymal transition in head and neck cancer
32617189	2020	yes	primary	10.7717/peerj.9294	Whole genome sequencing analysis identifies recurrent structural alterations in esophageal squamous cell carcinoma
32606933	2020	yes	primary	10.2147/CMAR.S244573	LncRNA HOTAIRM1 Inhibits the Proliferation and Invasion of Lung Adenocarcinoma Cells via the miR-498/WWOX Axis
32581702	2020	yes	primary	10.3389/fnins.2020.00644	Loss of Wwox Perturbs Neuronal Migration and Impairs Early Cortical Development
32552875	2020	yes	primary	10.1186/s12885-020-07038-2	Immune characterization of metastatic colorectal cancer patients post reovirus administration
32509092	2020	yes	primary		Aberrant expression of WWOX and its association with cancer stem cell biomarker expression
32389029	2020	yes	review	10.1177/1535370220924618	The WWOX gene in brain development and pathology
32368285	2020	yes	primary	10.7150/jca.40840	Silencing of Wwox Increases Nuclear Import of Dvl proteins in Head and Neck Cancer
32300104	2020	yes	primary	10.1038/s41392-020-0136-8	Pleiotropic tumor suppressor functions of WWOX antagonize metastasis
32290755	2020	yes	review	10.1080/15592294.2020.1748918	Clinical epigenetics and multidrug-resistant bacterial infections: host remodelling in critical illness
32214227	2020	yes	primary	10.1038/s41431-020-0609-9	First-line exome sequencing in Palestinian and Israeli Arabs with neurological disorders is efficient and facilitates disease gene discovery
32180796	2020	yes	primary	10.3389/fgene.2020.00123	Genetic Architecture of Carcass and Meat Quality Traits in Montana Tropical® Composite Beef Cattle
32101017	2020	yes	primary	10.1089/cbr.2019.2978	MiR-214 Mediates Cell Proliferation and Apoptosis of Nasopharyngeal Carcinoma Through Targeting Both WWOX and PTEN
32096174	2020	no	primary	10.26355/eurrev_202002_20154	WWOX regulates the Elf5/Snail1 pathway to affect epithelial-mesenchymal transition of ovarian carcinoma cells in vitro
32081867	2020	yes	primary	10.1038/s41598-020-59922-3	An integrated analysis of rare CNV and exome variation in Autism Spectrum Disorder using the Infinium PsychArray
32000863	2020	yes	primary	10.1186/s40478-020-0883-3	Wwox deficiency leads to neurodevelopmental and degenerative neuropathies and glycogen synthase kinase 3β-mediated epileptic seizure activity in mice
31966760	2017	yes	primary		Expression of ORAOV1, CD133 and WWOX correlate with metastasis and prognosis in gastric adenocarcinoma
31966718	2017	yes	primary		EBV-LMP1 regulating AKT/mTOR signaling pathway and WWOX in nasopharyngeal carcinoma
31966508	2017	yes	primary		WWOX suppresses proliferation and induces apoptosis via G2 arrest and caspase 3 pathway in nasopharyngeal carcinoma cells
31966369	2017	yes	primary		Exogenous WWOX enhances apoptosis and weakens metastasis in CNE2 nasopharyngeal carcinoma cells through the intrinsic apoptotic pathway
31966058	2020	yes	primary	10.3892/ol.2019.11213	Expression and clinical significance of WWOX, Elf5, Snail1 and EMT related factors in epithelial ovarian cancer
31938155	2018	yes	primary		Correlation of expression of WWOX and JNK with clinicopathologic features in human breast carcinoma
31933749	2019	yes	primary		The correlation of the expressions of WWOX, LGR5 and vasohibin-1 in epithelial ovarian cancer and their clinical significance
31752354	2019	yes	primary	10.3390/cancers11111818	WWOX Possesses N-Terminal Cell Surface-Exposed Epitopes WWOX7-21 and WWOX7-11 for Signaling Cancer Growth Suppression and Prevention In Vivo
31745703	2020	yes	primary	10.1007/s00432-019-03078-9	Transcriptome analysis reveals overlap in fusion genes in a phase I clinical cohort of TNBC and HGSOC patients treated with buparlisib and olaparib
31618474	2019	yes	primary	10.1002/ana.25619	The Genetic Landscape of Epilepsy of Infancy with Migrating Focal Seizures
31543760	2019	yes	primary	10.3389/fncel.2019.00391	The WWOX Gene Influences Cellular Pathways in the Neuronal Differentiation of Human Neural Progenitor Cells
31456594	2019	yes	primary	10.12659/MSM.918676	Circular RNA CircMTO1 Inhibits Proliferation of Glioblastoma Cells via miR-92/WWOX Signaling Pathway
31428585	2019	yes	primary	10.3389/fonc.2019.00719	Editorial: WW Domain Proteins in Signaling, Cancer Growth, Neural Diseases, and Metabolic Disorders
31340538	2019	yes	primary	10.3390/ijms20143596	Loss of Wwox Causes Defective Development of Cerebral Cortex with Hypomyelination in a Rat Model of Lethal Dwarfism with Epilepsy
31315632	2019	yes	primary	10.1186/s12964-019-0382-y	A p53/TIAF1/WWOX triad exerts cancer suppression but may cause brain protein aggregation due to p53/WWOX functional antagonism
31275852	2019	yes	primary	10.3389/fonc.2019.00517	Wwox Deletion in Mouse B Cells Leads to Genomic Instability, Neoplastic Transformation, and Monoclonal Gammopathies
31155927	2019	yes	primary	10.1177/1535370219854678	Downregulation of WW domain-containing oxidoreductase leads to tamoxifen-resistance by the inactivation of Hippo signaling
31145772	2019	no	primary	10.18388/abp.2020_5563	East Asian Genome-wide association study derived loci in relation to type 2 diabetes in the Han Chinese population
31123603	2019	yes	primary	10.1038/s41420-019-0176-4	Strategies by which WWOX-deficient metastatic cancer cells utilize to survive via dodging, compromising, and causing damage to WWOX-positive normal microenvironment
31075076	2019	yes	review	10.1080/15384101.2019.1616998	Decoding the link between WWOX and p53 in aggressive breast cancer
31008954	2019	yes	primary	10.1097/MD.0000000000015232	The clinicopathological significance of ubiquitin-conjugating enzyme E2C, leucine-rich repeated-containing G protein-coupled receptor, WW domain-containing oxidoreductase, and vasculogenic mimicry in invasive breast carcinoma
30820047	2019	yes	primary	10.1038/s41588-019-0358-2	Genetic meta-analysis of diagnosed Alzheimer's disease identifies new risk loci and implicates Aβ, tau, immunity and lipid processing
30805310	2019	yes	review	10.3389/fonc.2019.00060	WW Domain-Containing Proteins YAP and TAZ in the Hippo Pathway as Key Regulators in Stemness Maintenance, Tissue Homeostasis, and Tumorigenesis
30783266	2019	yes	primary	10.1038/s41436-019-0460-y	Correction: The phenotypic spectrum of WWOX-related disorders: 20 additional cases of WOREE syndrome and review of the literature
30755385	2019	yes	primary	10.1016/j.molmet.2019.01.010	WWOX somatic ablation in skeletal muscles alters glucose metabolism
30746283	2018	yes	review	10.1515/tnsci-2018-0029	Novel Homozygous Mutation in the WWOX Gene Causes Seizures and Global Developmental Delay: Report and Review
30619736	2018	yes	primary	10.3389/fonc.2018.00591	Delineating WWOX Protein Interactome by Tandem Affinity Purification-Mass Spectrometry: Identification of Top Interactors and Key Metabolic Pathways Involved
30619734	2018	yes	review	10.3389/fonc.2018.00580	WW-Domain Containing Protein Roles in Breast Tumorigenesis
30529582	2019	yes	primary	10.1053/j.gastro.2018.11.066	Large-Scale Genome-Wide Association Study of East Asians Identifies Loci Associated With Risk for Colorectal Cancer
30470736	2018	yes	primary	10.1038/s41419-018-1158-9	Author Correction: WWOX controls hepatic HIF1α to suppress hepatocyte proliferation and neoplasia
30385613	2019	yes	primary	10.1158/0008-5472.CAN-18-1089	Genetic Variants of VEGFA and FLT4 Are Determinants of Survival in Renal Cell Carcinoma Patients Treated with Sorafenib
30370248	2018	yes	review	10.3389/fonc.2018.00420	Modeling WWOX Loss of Function in vivo: What Have We Learned?
30362252	2019	yes	primary	10.1002/humu.23675	Early infantile-onset epileptic encephalopathy 28 due to a homozygous microdeletion involving the WWOX gene in a region of uniparental disomy
30356099	2019	yes	review	10.1038/s41436-018-0339-3	The phenotypic spectrum of WWOX-related disorders: 20 additional cases of WOREE syndrome and review of the literature
30335523	2018	yes	primary	10.1177/1535370218806455	The downregulation of WWOX induces epithelial-mesenchymal transition and enhances stemness and chemoresistance in breast cancer
30307120	2018	yes	primary	10.1111/1759-7714.12824	Inhibition of miR-24 suppresses malignancy of human non-small cell lung cancer cells by targeting WWOX in vitro and in vivo
30290271	2019	yes	primary	10.1016/j.nbd.2018.09.026	Wwox deletion leads to reduced GABA-ergic inhibitory interneuron numbers and activation of microglia and astrocytes in mouse hippocampus
30285739	2018	yes	primary	10.1186/s12915-018-0576-6	VOPP1 promotes breast tumorigenesis by interacting with the tumor suppressor WWOX
30242144	2018	yes	primary	10.12659/MSM.909675	Expression of B Cell-Specific Moloney Murine Leukemia Virus Integration Site 1 (BMI-1) and WW Domain-Containing Oxidoreductase (WWOX) in Liver Cancer Tissue and Normal Liver Tissue
30214895	2018	yes	review	10.3389/fonc.2018.00350	Cancerous Protein Network That Inhibits the Tumor Suppressor Function of WW Domain-Containing Oxidoreductase (WWOX) by Aberrantly Expressed Molecules
30211123	2018	yes	review	10.3389/fonc.2018.00345	WWOX Tumor Suppressor Gene in Breast Cancer, a Historical Perspective and Future Directions
30158849	2018	yes	review	10.3389/fnins.2018.00563	WWOX Phosphorylation, Signaling, and Role in Neurodegeneration
30154439	2018	yes	primary	10.1038/s41467-018-05852-8	Loss of Wwox drives metastasis in triple-negative breast cancer by JAK2/STAT3 axis
30082886	2018	yes	primary	10.1038/s41419-018-0896-z	Somatic loss of WWOX is associated with TP53 perturbation in basal-like breast cancer
30013442	2018	yes	primary	10.7150/ijms.25553	Relationship of genetic variant distributions of WW domain-containing oxidoreductase gene with uterine cervical cancer
29905011	2018	yes	primary	10.1002/cam4.1591	Low expression of WW domain-containing oxidoreductase associates with hepatocellular carcinoma aggressiveness and recurrence after curative resection
29852413	2018	no	primary	10.1016/j.seizure.2018.05.005	Diagnostic yield of targeted massively parallel sequencing in children with epileptic encephalopathy
29845204	2018	yes	primary	10.3892/mmr.2018.9058	LncRNA WWOX‑AS1 inhibits the proliferation, migration and invasion of osteosarcoma cells
29764119	2019	yes	primary	10.4143/crt.2018.157	Founder Mutations for Early Onset Melanoma as Revealed by Whole Exome Sequencing Suggests That This is Not Associated with the Increasing Incidence of Melanoma in Poland
29724996	2018	yes	primary	10.1038/s41419-018-0510-4	WWOX controls hepatic HIF1α to suppress hepatocyte proliferation and neoplasia
29675105	2018	yes	primary	10.7150/jca.23808	Association of WWOX rs9926344 polymorphism with poor prognosis of hepatocellular carcinoma
29662317	2018	yes	primary	10.2147/OTT.S152140	Association between WWOX and the risk of malignant tumor, especially among Asians: evidence from a meta-analysis
29581896	2018	yes	primary	10.1038/s41420-018-0047-4	Chasing the signaling run by tri-molecular time-lapse FRET microscopy
29551923	2017	yes	primary	10.1016/j.sjbs.2017.11.012	Establishment of optimal regulatory network of colorectal cancer based on p42.3 protein
29481666	2018	yes	primary	10.1093/hmg/ddy067	Identification of seven novel loci associated with amino acid levels using single-variant and gene-based tests in 8545 Finnish men from the METSIM study
29390993	2018	yes	primary	10.1186/s12920-018-0320-7	Efficient strategy for the molecular diagnosis of intractable early-onset epilepsy using targeted gene sequencing
29310447	2018	yes	review	10.1177/1535370217752350	Phosphorylation/de-phosphorylation in specific sites of tumor suppressor WWOX and control of distinct biological events
29310145	2018	yes	primary	10.1055/s-0037-1618597	Immunohistochemical WWOX Expression and Association with Angiogenesis, p53 Expression, Cell Proliferation and Clinicopathological Parameters in Cervical Cancer
29200707	2017	yes	primary	10.4103/ijmpo.ijmpo_125_17	WWOX rs11644322 Polymorphism, Gemcitabine, and Pancreatic Cancer
29164763	2018	yes	primary	10.1111/jcmm.13456	TMEM207 hinders the tumour suppressor function of WWOX in oral squamous cell carcinoma
29152092	2017	yes	primary	10.18632/oncotarget.21086	The long non-coding RNA PARTICLE is associated with WWOX and the absence of FRA16D breakage in osteosarcoma patients
29108237	2017	yes	primary	10.18632/oncotarget.19228	The circRNA interactome-innovative hallmarks of the intra- and extracellular radiation response
29100284	2017	yes	primary	10.18632/oncotarget.18373	Exosomes containing differential expression of microRNA and mRNA in osteosarcoma that can predict response to chemotherapy
29085479	2017	yes	primary	10.3892/ol.2017.6747	Correlation between osteosarcoma and the expression of WWOX and p53
29069730	2017	yes	primary	10.18632/oncotarget.17776	Inhibition of colorectal cancer genomic copy number alterations and chromosomal fragile site tumor suppressor FHIT and WWOX deletions by DNA mismatch repair
29067327	2017	yes	primary	10.1016/j.trci.2017.02.001	Zfra restores memory deficits in Alzheimer's disease triple-transgenic mice by blocking aggregation of TRAPPC6AΔ, SH3GLB2, tau, and amyloid β, and inflammatory NF-κB activation
28977834	2017	yes	primary	10.18632/oncotarget.17126	Decreased WWOX expression promotes angiogenesis in osteosarcoma
28943951	2017	yes	primary	10.3892/ol.2017.6672	Recurrent alterations of the WW domain containing oxidoreductase gene spanning the common fragile site FRA16D in multiple myeloma and monoclonal gammopathy of undetermined significance
28787462	2017	yes	primary	10.1371/journal.pone.0182610	Novel near-diploid ovarian cancer cell line derived from a highly aneuploid metastatic ovarian tumor
28769061	2017	yes	primary	10.1038/s41598-017-07295-5	PARTICLE triplexes cluster in the tumor suppressor WWOX and may extend throughout the human genome
28763065	2017	yes	primary	10.1038/tp.2017.159	Genome-wide association analysis identifies common variants influencing infant brain volumes
28749468	2017	yes	primary	10.1038/cddis.2017.346	WWOX sensitises ovarian cancer cells to paclitaxel via modulation of the ER stress response
28742274	2017	yes	primary	10.1002/ajmg.a.38350	Whole exome sequencing identified genetic variations in Chinese hemangioblastoma patients
28724435	2017	yes	review	10.1186/s12943-017-0693-9	WW domain-binding protein 2: an adaptor protein closely linked to the development of breast cancer
28708106	2017	yes	primary	10.3390/molecules22071175	Evodiamine Exerts an Anti-Hepatocellular Carcinoma Activity through a WWOX-Dependent Pathway
28523049	2017	yes	primary	10.12669/pjms.332.11687	Expression of CD133, E-cadherin and WWOX in colorectal cancer and related analysis
28521426	2017	yes	primary	10.3892/ol.2017.5850	Exploring the mechanism of WWOX growth inhibitory effects on oral squamous cell carcinoma
28496150	2017	yes	primary	10.1038/s41598-017-01875-1	Long non-coding RNA PARTICLE bridges histone and DNA methylation
28426730	2017	yes	primary	10.1371/journal.pone.0176141	Functional genetic variant of WW domain-containing oxidoreductase (WWOX) gene is associated with hepatocellular carcinoma risk
28386190	2017	yes	primary	10.1016/j.sjbs.2017.01.036	Establishment of apoptotic regulatory network for genetic markers of colorectal cancer and optimal selection of traditional Chinese medicine target
28386169	2017	yes	primary	10.1016/j.sjbs.2017.01.014	Establishment of apoptotic regulatory network for genetic markers of colorectal cancer
28373548	2017	yes	primary	10.1073/pnas.1704296114	Editorial Expression of Concern: WWOX gene restoration prevents lung cancer growth in vitro and in vivo
28283473	2017	yes	primary	10.1152/ajplung.00034.2017	Loss of lung WWOX expression causes neutrophilic inflammation
28280357	2017	yes	primary	10.2147/OTT.S125185	A new tumor suppressor lncRNA RP11-190D6.2 inhibits the proliferation, migration, and invasion of epithelial ovarian cancer cells
28151481	2017	yes	primary	10.1038/cddis.2016.403	Epigenetic regulation of HGF/Met receptor axis is critical for the outgrowth of bone metastasis from breast carcinoma
28123895	2016	yes	primary	10.1080/2162402X.2016.1253653	The non-inflammatory role of C1q during Her2/neu-driven mammary carcinogenesis
28045433	2017	yes	review	10.3390/ijms18010075	Functions and Epigenetic Regulation of Wwox in Bone Metastasis from Breast Carcinoma: Comparison with Primary Tumors
27999774	2016	yes	review	10.3389/fcell.2016.00141	HYAL-2-WWOX-SMAD4 Signaling in Cell Death and Anticancer Response
27869163	2017	yes	primary	10.1038/onc.2016.389	Wwox-Brca1 interaction: role in DNA repair pathway choice
27845895	2017	yes	primary	10.18632/oncotarget.13268	Hyaluronan activates Hyal-2/WWOX/Smad4 signaling and causes bubbling cell death when the signaling complex is overexpressed
27773744	2017	yes	primary	10.1016/j.jbior.2016.09.008	Fhit and Wwox loss-associated genome instability: A genome caretaker one-two punch
27655721	2016	yes	primary	10.18632/oncotarget.12082	Functional genetic variant in the Kozak sequence of WW domain-containing oxidoreductase (WWOX) gene is associated with oral cancer risk
27572307	2016	yes	primary	10.18632/oncotarget.11625	Oncogenic roles of the SETDB2 histone methyltransferase in gastric cancer
27569545	2016	yes	primary	10.1016/j.ajhg.2016.06.036	Rare Inherited and De Novo CNVs Reveal Complex Contributions to ASD Risk in Multiplex Families
27551470	2015	yes	primary	10.1038/cddiscovery.2015.40	Current questions and controversies in chromosome fragile site research: does WWOX, the gene product of common fragile site FRA16D, have a passive or active role in cancer?
27551439	2015	yes	primary	10.1038/cddiscovery.2015.3	WWOX dysfunction induces sequential aggregation of TRAPPC6AΔ, TIAF1, tau and amyloid β, and causes apoptosis
27550453	2016	yes	primary	10.1158/0008-5472.CAN-16-0621	WWOX and p53 Dysregulation Synergize to Drive the Development of Osteosarcoma
27501229	2016	yes	primary	10.1371/journal.pone.0160901	Genomic Alteration in Head and Neck Squamous Cell Carcinoma (HNSCC) Cell Lines Inferred from Karyotyping, Molecular Cytogenetics, and Array Comparative Genomic Hybridization
27495153	2016	yes	primary	10.1186/s12881-016-0317-z	W44X mutation in the WWOX gene causes intractable seizures and developmental delay: a case report
27339895	2016	yes	primary	10.1074/jbc.M116.716167	Role of WW Domain-containing Oxidoreductase WWOX in Driving T Cell Acute Lymphoblastic Leukemia Maturation
27313745	2016	yes	primary	10.3892/ol.2016.4495	Reduced expression of the WW domain-containing oxidoreductase in human hematopoietic malignancies
27308504	2015	yes	primary	10.1080/23723556.2015.1008288	WWOX guards genome stability by activating ATM
27308416	2014	yes	primary	10.4161/23723548.2014.965640	WWOX loss activates aerobic glycolysis
27234396	2013	yes	review	10.1186/2213-0802-1-15	Role of WWOX and NF-κB in lung cancer progression
27234387	2013	yes	primary	10.1186/2213-0802-1-5	Self-aggregating TIAF1 in lung cancer progression
27190995	2016	yes	primary	10.1155/2016/6594039	WWOX CNV-67048 Functions as a Risk Factor for Epithelial Ovarian Cancer in Chinese Women by Negatively Interacting with Oral Contraceptive Use
27162544	2016	yes	primary	10.7150/jca.13437	Combining Telomerase Reverse Transcriptase Genetic Variant rs2736100 with Epidemiologic Factors in the Prediction of Lung Cancer Susceptibility
27075929	2016	yes	review	10.1177/1535370216644531	Bubbling cell death: A hot air balloon released from the nucleus in the cold
26929649	2016	yes	primary	10.2147/OTT.S99106	Association of polymorphisms in WWOX gene with risk and outcome of osteosarcoma in a sample of the young Chinese population
26910372	2016	yes	primary	10.18632/oncotarget.7546	Genetic association study identifies a functional CNV in the WWOX gene contributes to the risk of intracranial aneurysms
26902998	2016	yes	primary	10.1038/srep21716	The role of WWOX polymorphisms on COPD susceptibility and pulmonary function traits in Chinese: a case-control study and family-based analysis
26857392	2016	yes	primary	10.1093/jnci/djv387	Relevance of Sp Binding Site Polymorphism in WWOX for Treatment Outcome in Pancreatic Cancer
26675548	2016	yes	primary	10.18632/oncotarget.6571	WWOX modulates the ATR-mediated DNA damage checkpoint response
26499798	2015	yes	review	10.1074/jbc.R115.676346	Pleiotropic Functions of Tumor Suppressor WWOX in Normal and Cancer Cells
26355344	2015	yes	primary	10.1038/cddis.2015.251	A cascade of protein aggregation bombards mitochondria for neurodegeneration and apoptosis under WWOX deficiency
26302329	2015	yes	primary	10.1371/journal.pone.0136356	Tumor Suppressor WWOX Contributes to the Elimination of Tumorigenic Cells in Drosophila melanogaster
26256646	2015	yes	primary	10.1038/srep12959	Tumor Suppressor WWOX inhibits osteosarcoma metastasis by modulating RUNX2 function
26120275	2015	yes	primary		Expression of WW domain-containing oxidoreductase WWOX in pterygium
26070663	2015	yes	primary	10.1101/gr.191247.115	Unbalanced translocations arise from diverse mutational mechanisms including chromothripsis
26055163	2015	yes	primary	10.1186/s12929-015-0148-9	In Memoriam: Shur-Tzu (Su) Chen, a pioneer in tumor suppressor WWOX for neuroscience
26041563	2015	yes	primary	10.1186/s12943-015-0389-y	HGF and TGFβ1 differently influenced Wwox regulatory function on Twist program for mesenchymal-epithelial transition in bone metastatic versus parental breast carcinoma cells
26010871	2015	yes	primary	10.1371/journal.pone.0126526	Death Receptor-Induced Apoptosis Signalling Regulation by Ezrin Is Cell Type Dependent and Occurs in a DISC-Independent Manner in Colon Cancer Cells
25934800	2015	yes	primary	10.1093/nar/gkv419	Signatures of accelerated somatic evolution in gene promoters in multiple cancer types
25891642	2015	yes	primary	10.3892/mmr.2015.3640	Effect of the WWOX gene on the regulation of the cell cycle and apoptosis in human ovarian cancer stem cells
25802472	2015	yes	primary	10.1177/1535370215574226	Introduction to a thematic issue for WWOX
25789010	2015	yes	primary	10.3892/ol.2015.2971	Ectopic expression of the WWOX gene suppresses stemness of human ovarian cancer stem cells
25779665	2015	yes	primary	10.18632/oncotarget.3153	UV irradiation/cold shock-mediated apoptosis is switched to bubbling cell death at low temperatures
25710931	2015	yes	review	10.1177/1535370214566558	Versatile communication strategies among tandem WW domain repeats
25708809	2015	yes	primary	10.18632/oncotarget.2927	MicroRNA-153 promotes Wnt/β-catenin activation in hepatocellular carcinoma through suppression of WWOX
25703206	2015	yes	primary	10.1002/jmr.2419	Allostery mediates ligand binding to WWOX tumor suppressor via a conformational switch
25681467	2015	yes	review	10.1177/1535370214561953	Alteration of WWOX in human cancer: a clinical view
25678599	2015	no	primary	10.1158/1541-7786.MCR-14-0180	The Tumor-Suppressor WWOX and HDAC3 Inhibit the Transcriptional Activity of the β-Catenin Coactivator BCL9-2 in Breast Cancer Cells
25662954	2015	yes	review	10.1177/1535370214561586	Structural insights into the functional versatility of WW domain-containing oxidoreductase tumor suppressor
25659037	2015	yes	primary	10.4161/15384101.2014.977103	WWOX suppresses prostate cancer cell progression through cyclin D1-mediated cell cycle arrest in the G1 phase
25650666	2015	yes	primary	10.18632/oncotarget.2876	Trafficking protein particle complex 6A delta (TRAPPC6AΔ) is an extracellular plaque-forming protein in the brain
25649963	2015	yes	primary	10.7717/peerj.727	Loss of wwox expression in zebrafish embryos causes edema and alters Ca(2+) dynamics
25627656	2015	yes	review	10.1177/1535370214565991	Tyrosine phosphorylation of WW proteins
25612104	2015	yes	primary	10.1371/journal.pone.0115353	Epigenetic and genetic alterations affect the WWOX gene in head and neck squamous cell carcinoma
25595191	2015	yes	review	10.1177/1535370214566747	Regulation of cell signaling and apoptosis by tumor suppressor WWOX
25595187	2015	yes	primary	10.1177/1535370214565989	Modulation of Sonic hedgehog signaling and WW domain containing oxidoreductase WOX1 expression enhances radiosensitivity of human glioblastoma cells
25595186	2015	yes	review	10.1177/1535370214565990	WWOX, the chromosomal fragile site FRA16D spanning gene: its role in metabolism and contribution to cancer
25595185	2015	yes	review	10.1177/1535370214565992	WWOX, large common fragile site genes, and cancer
25539992	2015	yes	primary	10.1007/s13402-014-0213-5	Synergy of leptin/STAT3 with HER2 receptor induces tamoxifen resistance in breast cancer cells through regulation of apoptosis-related genes
25538133	2015	yes	review	10.1177/1535370214561590	WWOX: a fragile tumor suppressor
25537520	2014	yes	review	10.18632/oncotarget.2961	WW domain-containing oxidoreductase in neuronal injury and neurological diseases
25517572	2015	no	primary	10.3109/15412555.2014.948993	The Functional Copy Number Variation-67048 in WWOX Contributes to Increased Risk of COPD in Southern and Eastern Chinese
25502636	2014	no	primary	10.1159/000366372	WWOX suppresses cell growth and induces cell apoptosis via inhibition of P38 nuclear translocation in cholangiocarcinoma
25491415	2015	yes	review	10.1177/1535370214561956	The tumor suppressor WW domain-containing oxidoreductase modulates cell metabolism
25488911	2015	yes	review	10.1177/1535370214561957	Strategies of oncogenic microbes to deal with WW domain-containing oxidoreductase
25476151	2015	yes	review	10.1177/1535370214561587	Roles of the WWOX in pathogenesis and endocrine therapy of breast cancer
25432984	2015	yes	review	10.1177/1535370214561588	Role of WW domain proteins WWOX in development, prognosis, and treatment response of glioma
25418192	2014	yes	primary	10.5732/cjc.014.10209	Investigation of osteosarcoma genomics and its impact on targeted therapy: an international collaboration to conquer human osteosarcoma
25417742	2015	no	primary	10.1007/s12253-014-9820-8	The Evaluation of WBP2NL-Related Genes Expression in Breast Cancer
25416187	2015	yes	review	10.1177/1535370214561952	The fragile site WWOX gene and the developing brain
25401976	2015	yes	primary	10.18632/oncotarget.2636	FHIT loss-induced DNA damage creates optimal APOBEC substrates: Insights into APOBEC-mediated mutagenesis
25400415	2014	yes	primary	10.3978/j.issn.1000-9604.2014.09.03	WWOX suppresses KLF5 expression and breast cancer cell growth
25331887	2014	yes	primary	10.1073/pnas.1409252111	WWOX, the common fragile site FRA16D gene product, regulates ATM activation and the DNA damage response
25300511	2014	yes	review	10.1007/s00018-014-1753-6	Very large common fragile site genes and their potential role in cancer development
25295115	2014	yes	primary	10.3892/ol.2014.2476	Alternating expression levels of WWOX tumor suppressor and cancer-related genes in patients with bladder cancer
25245215	2014	yes	review	10.1007/s00018-014-1724-y	The common fragile site FRA16D gene product WWOX: roles in tumor suppression and genomic stability
25238781	2014	yes	review	10.1007/s00018-014-1716-y	Role of common fragile sites and corresponding genes in cancer development
25198128	2014	yes	primary	10.1371/journal.pone.0107050	Identification of genes related to beak deformity of chickens using digital gene expression profiling
25051421	2014	yes	primary	10.3892/or.2014.3335	WWOX modulates the gene expression profile in the T98G glioblastoma cell line rendering its phenotype less malignant
25024751	2014	yes	primary	10.1186/1868-7083-6-13	Impact of decitabine on immunohistochemistry expression of the putative tumor suppressor genes FHIT, WWOX, FUS1 and PTEN in clinical tumor samples
25012504	2014	yes	primary	10.1038/cdd.2014.95	Tumor suppressor WWOX regulates glucose metabolism via HIF1α modulation
24969559	2014	no	primary	10.1007/s13277-014-2239-8	SENP2 regulated the stability of β-catenin through WWOX in hepatocellular carcinoma cell
24959289	2014	yes	primary	10.3892/ol.2014.2063	Evaluation of the mechanism of epithelial-mesenchymal transition in human ovarian cancer stem cells transfected with a WW domain-containing oxidoreductase gene
24955146	2014	yes	primary	10.1186/1897-4287-12-15	Expanding the genetic basis of copy number variation in familial breast cancer
24949445	2014	yes	primary	10.1155/2014/424796	The analysis of genetic aberrations in children with inherited neurometabolic and neurodevelopmental disorders
24938873	2014	yes	primary	10.1007/s13277-014-2196-2	Diverse effect of WWOX overexpression in HT29 and SW480 colon cancer cell lines
24935583	2014	no	primary	10.7314/apjcp.2014.15.9.3973	Association of the rs1042522 polymorphism with increased risk of prostate adenocarcinoma in the Pakistani population and its HuGE review
24932569	2014	yes	review	10.1016/j.bbcan.2014.06.001	WWOX at the crossroads of cancer, metabolic syndrome related traits and CNS pathologies
24929828	2014	yes	primary	10.1038/ng.3011	Genome-wide association analysis identifies six new loci associated with forced vital capacity
24871327	2014	yes	primary	10.1161/CIRCGENETICS.113.000248	The WWOX gene modulates high-density lipoprotein and lipid metabolism
24748104	2014	yes	primary	10.1371/journal.pone.0095783	Genome-wide analysis of loss of heterozygosity in breast infiltrating ductal carcinoma distant normal tissue highlights arm specific enrichment and expansion across tumor stages
24648952	2013	yes	primary	10.3892/br.2013.86	Methylation status of WWOX gene promoter CpG islands in epithelial ovarian cancer and its clinical significance
24550385	2014	yes	primary	10.1074/jbc.M113.506790	Characterizing WW domain interactions of tumor suppressor WWOX reveals its association with multiprotein networks
24520212	2014	yes	review	10.7150/ijbs.7727	Common Chromosomal Fragile Site Gene WWOX in Metabolic Disorders and Tumors
24510053	2014	no	review	10.1177/1535370213519213	WW domain-containing oxidoreductase's role in myriad cancers: clinical significance and future implications
24503545	2013	yes	primary	10.3233/ACP-140087	Expression of WW domain-containing oxidoreductase WOX1 in human nervous system tumors
24456803	2014	yes	primary	10.1186/1750-1172-9-12	The supposed tumor suppressor gene WWOX is mutated in an early lethal microcephaly syndrome with epilepsy, growth retardation and retinal degeneration
24454681	2014	yes	primary	10.1371/journal.pone.0079079	The degree of segmental aneuploidy measured by total copy number abnormalities predicts survival and recurrence in superficial gastroesophageal adenocarcinoma
24369382	2014	yes	primary	10.1093/brain/awt338	The tumour suppressor gene WWOX is mutated in autosomal recessive cerebellar ataxia with epilepsy and mental retardation
24330824	2013	yes	primary	10.1186/1755-8794-6-56	Correlation of WWOX, RUNX2 and VEGFA protein expression in human osteosarcoma
24330518	2013	yes	primary	10.1186/1471-2407-13-593	The cancer gene WWOX behaves as an inhibitor of SMAD3 transcriptional activity via direct binding
24308844	2013	yes	primary	10.1021/bi400987k	Molecular origin of the binding of WWOX tumor suppressor to ErbB4 receptor tyrosine kinase
24137446	2013	yes	primary	10.3892/ol.2013.1514	Gene expression of WWOX, FHIT and p73 in acute lymphoblastic leukemia
24137423	2013	yes	primary	10.3892/ol.2013.1438	Effects of 5-Aza-2'-deoxycytidine on the methylation state and function of the WWOX gene in the HO-8910 ovarian cancer cell line
24127039	2014	no	primary	10.1007/s13277-013-1213-1	WW domain containing oxidoreductase induces apoptosis in gallbladder-derived malignant cell by upregulating expression of P73 and PUMA
24098343	2013	yes	primary	10.1371/journal.pone.0074642	Genome-wide association study of gene by smoking interactions in coronary artery calcification
24086726	2013	yes	primary	10.1371/journal.pone.0076317	Replication study for the association of 9 East Asian GWAS-derived loci with susceptibility to type 2 diabetes in a Japanese population
24008736	2013	yes	primary	10.1038/cddis.2013.308	WWOX suppresses autophagy for inducing apoptosis in methotrexate-treated human squamous cell carcinoma
23849374	2013	no	primary	10.1016/j.oooo.2013.05.007	WWOX expression in giant cell lesions of the jaws
23534718	2013	no	primary	10.7314/apjcp.2013.14.1.165	Expression of fragile histidine triad (FHIT) and WW-domain oxidoreductase gene (WWOX) in nasopharyngeal carcinoma
23464470	2012	no	primary	10.7314/apjcp.2012.13.12.6429	Effects of sodium valproate on the growth of human ovarian cancer cell line HO8910
23459853	2013	yes	primary	10.3389/fonc.2013.00043	Tumor Suppressor WWOX and p53 Alterations and Drug Resistance in Glioblastomas
23370280	2013	yes	primary	10.1038/cddis.2013.6	Tumor suppressor WWOX binds to ΔNp63α and sensitizes cancer cells to chemotherapy
23317259	2012	no	primary	10.7314/apjcp.2012.13.11.5799	Ectopic overexpression of COTE1 promotes cellular invasion of hepatocellular carcinoma
23277037	2013	no	review	10.2741/s358	Role of WWOX/WOX1 in Alzheimer's disease pathology and in cell death signaling
23254685	2013	yes	primary	10.1002/jcp.24308	Conditional inactivation of the mouse Wwox tumor suppressor gene recapitulates the null phenotype
23028374	2012	yes	primary	10.1371/journal.pgen.1002981	De novo CNV formation in mouse embryonic stem cells occurs in the absence of Xrcc4-dependent nonhomologous end joining
22860045	2012	yes	primary	10.1371/journal.pone.0042001	A comprehensive characterization of genome-wide copy number aberrations in colorectal cancer reveals novel oncogenes and patterns of alterations
22855598	2012	yes	primary	10.1182/blood-2012-03-419937	Genome-wide analysis reveals recurrent structural abnormalities of TP63 and other p53-related genes in peripheral T-cell lymphomas
22806168	2012	yes	primary	10.1158/1055-9965.EPI-12-0386	A multistage genetic association study identifies breast cancer risk loci at 10q25 and 16q24
22736928	2012	yes	primary	10.3748/wjg.v18.i23.3020	WWOX induces apoptosis and inhibits proliferation of human hepatoma cell line SMMC-7721
22634283	2012	yes	primary	10.1016/j.jmb.2012.05.015	Biophysical basis of the binding of WWOX tumor suppressor to WBP1 and WBP2 adaptors
22615609	2010	yes	primary		Primary WWOX phosphorylation and JNK activation during etoposide induces cytotoxicity in HEK293 cells
22574198	2012	yes	primary	10.1371/journal.pone.0036618	Conditional Wwox deletion in mouse mammary gland by means of two Cre recombinase approaches
22545673	2012	yes	primary	10.1021/tx3000945	Testing an aflatoxin B1 gene signature in rat archival tissues
22536204	2012	yes	primary	10.3389/fimmu.2012.00052	The C1q family of proteins: insights into the emerging non-traditional functions
22534828	2012	yes	primary	10.1038/cddis.2012.36	TIAF1 self-aggregation in peritumor capsule formation, spontaneous activation of SMAD-responsive promoter in p53-deficient environment, and cell death
22479346	2012	yes	primary	10.1371/journal.pone.0032907	Identification of IGF1, SLC4A4, WWOX, and SFMBT1 as hypertension susceptibility genes in Han Chinese with a genome-wide gene-based association study
22202011	2012	no	review	10.2741/e516	Role of WWOX/WOX1 in Alzheimer's disease pathology and in cell death signaling
22193544	2012	yes	primary	10.1038/cdd.2011.188	WW domain-containing oxidoreductase promotes neuronal differentiation via negative regulation of glycogen synthase kinase 3β
22071891	2012	yes	primary	10.1038/ejhg.2011.204	A multi-exon deletion within WWOX is associated with a 46,XY disorder of sex development
21965145	2012	yes	primary	10.1002/gcc.20932	Copy number alterations in prostate tumors and disease aggressiveness
21901168	2011	yes	primary	10.1177/1947601911418498	Identification of an In Vivo MEK/WOX1 Complex as a Master Switch for Apoptosis in T Cell Leukemia
21892104	2011	no	primary	10.1097/JTO.0b013e31822e59dd	Functional and clinical characterization of the putative tumor suppressor WWOX in non-small cell lung cancer
21743832	2011	yes	review	10.3390/v3060714	Human T-cell lymphotropic virus: a model of NF-κB-associated tumorigenesis
21731849	2011	yes	primary		Role of the WWOX tumor suppressor gene in bone homeostasis and the pathogenesis of osteosarcoma
21685375	2011	yes	primary	10.1182/blood-2010-12-323659	Tumor suppressor genes FHIT and WWOX are deleted in primary effusion lymphoma (PEL) cell lines
21444760	2011	yes	primary	10.1194/jlr.M009175	The mouse QTL map helps interpret human genome-wide association studies for HDL cholesterol
21347750	2011	yes	primary	10.1007/s13277-010-0150-5	WWOX expression in colorectal cancer--a real-time quantitative RT-PCR study
21318118	2011	yes	review	10.1155/2011/984505	Common fragile site tumor suppressor genes and corresponding mouse models of cancer
21276135	2011	no	primary	10.1111/j.1349-7006.2011.01891.x	Bmi1 regulates cell fate via tumor suppressor WWOX repression in small-cell lung cancer cells
21212468	2010	yes	primary	10.18632/aging.100263	Zfra is a small wizard in the mitochondrial apoptosis
21115974	2011	yes	primary	10.1182/blood-2010-08-303073	The tumor suppressor gene WWOX links the canonical and noncanonical NF-κB pathways in HTLV-I Tax-mediated tumorigenesis
21075834	2011	yes	primary	10.1093/hmg/ddq495	Drosophila orthologue of WWOX, the chromosomal fragile site FRA16D tumour suppressor gene, functions in aerobic metabolism and regulates reactive oxygen species
21072196	2010	yes	primary	10.1371/journal.pone.0013809	Profiling gene expression induced by protease-activated receptor 2 (PAR2) activation in human kidney cells
21069451	2011	yes	primary	10.1007/s10549-010-1248-6	Aberrant expression of DNA damage response proteins is associated with breast cancer subtype and clinical features
20942981	2010	yes	primary	10.1186/1471-2350-11-148	WWOX gene is associated with HDL cholesterol and triglyceride levels
20651033	2010	yes	primary	10.1158/1940-6207.CAPR-09-0265	Genome-wide catalogue of chromosomal aberrations in barrett's esophagus and esophageal adenocarcinoma: a high-density single nucleotide polymorphism array analysis
20629094	2010	yes	primary	10.1002/gcc.20807	Identification of primary gene targets of TFAP2C in hormone responsive breast carcinoma cells
20542955	2010	no	review	10.1258/ebm.2010.009351	Signaling from membrane receptors to tumor suppressor WW domain-containing oxidoreductase
20535528	2011	yes	primary	10.1007/s11060-010-0254-1	Molecular analysis of WWOX expression correlation with proliferation and apoptosis in glioblastoma multiforme
20530675	2010	yes	primary	10.1158/0008-5472.CAN-09-4602	Frequent attenuation of the WWOX tumor suppressor in osteosarcoma is associated with increased tumorigenicity and aberrant RUNX2 expression
20480411	2010	no	primary	10.1007/s13277-010-0039-3	WWOX gene may contribute to progression of non-small-cell lung cancer (NSCLC)
20432460	2010	yes	review	10.1002/jcp.22162	Shepherding AKT and androgen receptor by Ack1 tyrosine kinase
20401669	2011	yes	primary	10.1007/s00432-010-0880-1	The prognostic significance of WWOX expression in patients with breast cancer and its association with the basal-like phenotype
20190683	2010	no	primary		Breast cancer relapse prediction based on multi-gene RT-PCR algorithm
20146584	2010	yes	review	10.2217/fon.09.152	WWOX gene and gene product: tumor suppression through specific protein interactions
19936220	2009	yes	primary	10.1371/journal.pone.0007775	Generation and characterization of mice carrying a conditional allele of the Wwox tumor suppressor gene
19918364	2009	yes	primary	10.1371/journal.pone.0007820	Dramatic co-activation of WWOX/WOX1 with CREB and NF-kappaB in delayed loss of small dorsal root ganglion neurons upon sciatic nerve transection in rats
19832807	2010	yes	primary	10.1111/j.1365-2141.2009.07943.x	Genome wide DNA-profiling of HIV-related B-cell lymphomas
19774227	2009	yes	primary	10.1371/journal.pone.0006822	Image-based assessment of growth and signaling changes in cancer cells mediated by direct cell-cell contact
19700237	2010	yes	primary	10.1016/j.canlet.2009.07.017	Oncosuppressor proteins of fragile sites are reduced in cervical cancer
19500159	2009	no	primary	10.1111/j.1601-183X.2009.00502.x	A spontaneous mutation of the Wwox gene and audiogenic seizures in rats with lethal dwarfism and epilepsy
19484134	2009	yes	primary	10.1371/journal.pone.0005755	Complement C1q activates tumor suppressor WWOX to induce apoptosis in prostate cancer cells
19434452	2009	yes	primary	10.1245/s10434-009-0507-4	Coordinate loss of fragile gene expression in pancreatobiliary cancers: correlations among markers and clinical features
19366691	2009	yes	primary	10.1074/jbc.M806688200	Transforming growth factor beta1 signaling via interaction with cell surface Hyal-2 and recruitment of WWOX/WOX1
19352382	2009	yes	primary	10.1038/sj.bjc.6604986	Hypermethylation-mediated reduction of WWOX expression in intraductal papillary mucinous neoplasms of the pancreas
19188760	2009	no	primary	10.1159/000197911	Association between CpG island methylation of the WWOX gene and its expression in breast cancers
19144635	2009	yes	primary	10.1074/jbc.M806877200	Down-regulation of active ACK1 is mediated by association with the E3 ubiquitin ligase Nedd4-2
19130459	2009	yes	primary	10.1002/cncr.24103	Fragile histidine triad protein, WW domain-containing oxidoreductase protein Wwox, and activator protein 2gamma expression levels correlate with basal phenotype in breast cancer
19035517	2009	yes	primary	10.1002/pros.20891	Genome-wide linkage scan for prostate cancer susceptibility from the University of Michigan Prostate Cancer Genetics Project: suggestive evidence for linkage at 16q23
19011694	2008	yes	primary	10.1371/journal.pone.0003740	Integrative microRNA and proteomic approaches identify novel osteoarthritis genes and their collaborative metabolic and inflammatory networks
18974271	2009	yes	primary	10.1210/en.2008-1087	Targeted ablation of the WW domain-containing oxidoreductase tumor suppressor leads to impaired steroidogenesis
18674750	2008	yes	primary	10.1016/j.ajhg.2008.07.002	WW-domain-containing oxidoreductase is associated with low plasma HDL-C levels
18629536	2009	yes	primary	10.1007/s00432-008-0449-4	Loss of WWOX expression in human extrahepatic cholangiocarcinoma
18620777	2008	yes	primary	10.1016/j.jhep.2008.05.015	The JNK inhibitor SP600129 enhances apoptosis of HCC cells induced by the tumor suppressor WWOX
18487609	2008	yes	primary	10.1074/jbc.M800855200	The WWOX tumor suppressor is essential for postnatal survival and normal bone metabolism
18485879	2008	yes	primary	10.1016/j.cell.2008.03.021	Large-scale mutagenesis in p19(ARF)- and p53-deficient mice identifies cancer genes and their collaborative networks
18460020	2008	yes	primary	10.1111/j.1349-7006.2008.00841.x	Role of the WWOX gene, encompassing fragile region FRA16D, in suppression of pancreatic carcinoma cells
18452537	2008	yes	primary	10.1111/j.1365-2559.2008.03033.x	Low levels of WWOX protein immunoexpression correlate with tumour grade and a less favourable outcome in patients with urinary bladder tumours
18061530	2008	yes	primary	10.1016/j.oraloncology.2007.08.019	Molecular alterations in the tumor suppressor gene WWOX in oral leukoplakias
18047428	2007	yes	primary	10.1089/thy.2007.0232	Association between decreased WWOX protein expression and thyroid cancer development
17890317	2007	yes	primary	10.1073/pnas.0707628104	MicroRNA-29 family reverts aberrant methylation in lung cancer by targeting DNA methyltransferases 3A and 3B
17823927	2007	yes	primary	10.1002/gcc.20497	WWOX hypomorphic mice display a higher incidence of B-cell lymphomas and develop testicular atrophy
17704139	2007	no	primary	10.1158/1541-7786.MCR-07-0211	Wwox suppresses prostate cancer cell growth through modulation of ErbB2-mediated androgen receptor signaling
17679088	2007	yes	primary	10.1016/j.molcel.2007.06.012	An AT-rich sequence in human common fragile site FRA16D causes fork stalling and chromosome breakage in S. cerevisiae
17609426	2007	no	primary	10.1182/blood-2007-02-075069	Gene mapping and expression analysis of 16q loss of heterozygosity identifies WWOX and CYLD as being important in determining clinical outcome in multiple myeloma
17575124	2007	yes	primary	10.1158/0008-5472.CAN-07-1081	Inactivation of the Wwox gene accelerates forestomach tumor progression in vivo
17567906	2007	yes	primary	10.1186/1471-2199-8-50	Zfra affects TNF-mediated cell death by interacting with death domain protein TRADD and negatively regulates the activation of NF-kappaB, JNK1, p53 and WOX1 during stress response
17546048	2007	yes	primary	10.1038/sj.onc.1210559	Epigenetic identification of ADAMTS18 as a novel 16q23.1 tumor suppressor frequently silenced in esophageal, nasopharyngeal and multiple other carcinomas
17360458	2007	yes	primary	10.1073/pnas.0609783104	Targeted deletion of Wwox reveals a tumor suppressor function
16941225	2006	yes	primary	10.1007/s10735-006-9046-5	WWOX protein expression in normal human tissues
16895604	2006	yes	primary	10.1186/1471-2407-6-205	A novel approach to simultaneously scan genes at fragile sites
16888633	2006	no	primary	10.1038/sj.jid.5700470	Expression profiling of UVB response in melanocytes identifies a set of p53-target genes
16818616	2006	no	primary	10.1158/0008-5472.CAN-06-0956	A role for the WWOX gene in prostate cancer
16393779	2005	no	review	10.1080/15216540500389039	WW or WoW: the WW domains in a union of bliss
16280054	2005	yes	primary	10.1186/bcr1337	Expression analysis of candidate breast tumour suppressor genes on chromosome 16q
16223882	2005	yes	primary	10.1073/pnas.0505485102	WWOX gene restoration prevents lung cancer growth in vitro and in vivo
16219768	2005	no	primary	10.1074/jbc.M505590200	WOX1 is essential for tumor necrosis factor-, UV light-, staurosporine-, and p53-mediated cell death, and its tyrosine 33-phosphorylated form binds and stabilizes serine 46-phosphorylated p53
16187332	2005	yes	primary	10.1002/mc.20122	Expression of common chromosomal fragile site genes, WWOX/FRA16D and FHIT/FRA3B is downregulated by exposure to environmental carcinogens, UV, and BPDE but not by IR
16152610	2006	yes	primary	10.1002/ijc.21446	Characterization of the tumor suppressor gene WWOX in primary human oral squamous cell carcinomas
15982416	2005	yes	primary	10.1186/1471-2407-5-64	WWOX protein expression varies among ovarian carcinoma histotypes and correlates with less favorable outcome
15870886	2005	yes	primary	10.3892/ijo.26.6.1681	WWOX mRNA expression profile in epithelial ovarian cancer supports the role of WWOX variant 1 as a tumour suppressor, although the role of variant 4 remains unclear
15798093	2005	no	primary	10.1158/1541-7786.MCR-04-0209	Components of DNA damage checkpoint pathway regulate UV exposure-dependent alterations of gene expression of FHIT and WWOX at chromosome fragile sites
15692750	2005	yes	primary	10.1007/s10549-004-1474-x	Frequent loss of WWOX expression in breast cancer: correlation with estrogen receptor status
15266310	2004	yes	primary	10.1038/sj.bjc.6602023	Frequent downregulation and loss of WWOX gene expression in human hepatocellular carcinoma
15126504	2004	no	primary	10.1074/jbc.M401399200	Down-regulation of WW domain-containing oxidoreductase induces Tau phosphorylation in vitro. A potential role in Alzheimer's disease
15073846	2004	no	primary	10.1002/cncr.20137	The fragile genes FHIT and WWOX are inactivated coordinately in invasive breast carcinoma
15070730	2004	yes	primary	10.1073/pnas.0400805101	Functional association between Wwox tumor suppressor protein and p73, a p53 homolog
15064722	2004	yes	primary	10.1038/sj.onc.1207680	WWOX binds the specific proline-rich ligand PPXY: identification of candidate interacting proteins
14526170	2003	yes	primary	10.1159/000072844	WWOX, the common chromosomal fragile site, FRA16D, cancer gene
12719539	2003	yes	primary	10.1073/pnas.0931262100	Parkin, a gene implicated in autosomal recessive juvenile parkinsonism, is a candidate tumor suppressor gene on chromosome 6q25-q27
12514174	2003	no	primary	10.1074/jbc.M208373200	JNK1 physically interacts with WW domain-containing oxidoreductase (WOX1) and inhibits WOX1-mediated apoptosis
11960552	2002	yes	primary	10.1186/1471-2121-3-8	Transforming growth factor-beta1 blocks the enhancement of tumor necrosis factor cytotoxicity by hyaluronidase Hyal-2 in L929 fibroblasts
11572989	2001	yes	primary	10.1073/pnas.191175898	WWOX: a candidate tumor suppressor gene involved in multiple tumor types
11058590	2001	no	primary	10.1074/jbc.M007140200	Hyaluronidase induction of a WW domain-containing oxidoreductase that enhances tumor necrosis factor cytotoxicity
