resnum,aa,ss,acc,rsa
1,M,-,238,1.0625
2,A,-,109,0.8449612403100775
3,A,-,93,0.7209302325581395
4,L,-,148,0.736318407960199
5,R,-,239,0.8722627737226277
6,Y,-,202,0.7680608365019012
7,A,-,89,0.689922480620155
8,G,S,72,0.6923076923076923
9,L,-,138,0.6865671641791045
10,D,-,161,0.8341968911917098
11,D,-,145,0.7512953367875648
12,T,-,102,0.5930232558139535
13,D,-,173,0.8963730569948186
14,S,-,58,0.3741935483870968
15,E,T,144,0.6457399103139013
16,D,T,84,0.43523316062176165
17,E,P,96,0.4304932735426009
18,L,P,39,0.19402985074626866
19,P,P,32,0.20125786163522014
20,P,T,125,0.7861635220125787
21,G,T,32,0.3076923076923077
22,W,E,49,0.17192982456140352
23,E,E,50,0.2242152466367713
24,E,E,32,0.14349775784753363
25,R,E,65,0.23722627737226276
26,T,E,11,0.06395348837209303
27,T,-,34,0.19767441860465115
28,K,T,125,0.5296610169491526
29,D,T,118,0.6113989637305699
30,G,-,4,0.038461538461538464
31,W,B,67,0.23508771929824562
32,V,E,1,0.005747126436781609
33,Y,E,50,0.19011406844106463
34,Y,E,0,0.0
35,A,E,8,0.06201550387596899
36,N,E,10,0.05128205128205128
37,H,T,104,0.4642857142857143
38,T,T,115,0.6686046511627907
39,E,T,107,0.4798206278026906
40,E,T,181,0.8116591928251121
41,K,E,124,0.5254237288135594
42,T,E,98,0.5697674418604651
43,Q,E,71,0.31555555555555553
44,W,S,124,0.43508771929824563
45,E,B,103,0.4618834080717489
46,H,-,1,0.004464285714285714
47,P,T,42,0.2641509433962264
48,K,T,117,0.4957627118644068
49,T,T,44,0.2558139534883721
50,G,-,45,0.4326923076923077
51,K,-,85,0.3601694915254237
52,R,B,90,0.3284671532846715
53,K,E,6,0.025423728813559324
54,R,E,117,0.42700729927007297
55,V,-,8,0.04597701149425287
56,A,-,50,0.3875968992248062
57,G,S,51,0.49038461538461536
58,D,S,106,0.5492227979274611
59,L,P,29,0.14427860696517414
60,P,P,23,0.14465408805031446
61,Y,T,52,0.19771863117870722
62,G,T,16,0.15384615384615385
63,W,E,40,0.14035087719298245
64,E,E,91,0.4080717488789238
65,Q,E,59,0.26222222222222225
66,E,E,85,0.3811659192825112
67,T,E,51,0.29651162790697677
68,D,-,34,0.17616580310880828
69,E,T,200,0.8968609865470852
70,N,T,146,0.7487179487179487
71,G,S,51,0.49038461538461536
72,Q,-,66,0.29333333333333333
73,V,E,19,0.10919540229885058
74,F,E,27,0.1125
75,F,E,1,0.004166666666666667
76,V,E,22,0.12643678160919541
77,D,E,1,0.0051813471502590676
78,H,T,93,0.41517857142857145
79,I,T,82,0.41624365482233505
80,N,T,104,0.5333333333333333
81,K,T,193,0.8177966101694916
82,R,E,124,0.45255474452554745
83,T,E,91,0.5290697674418605
84,T,E,35,0.20348837209302326
85,Y,S,116,0.44106463878326996
86,L,S,100,0.4975124378109453
87,D,-,6,0.031088082901554404
88,P,T,29,0.18238993710691823
89,R,T,25,0.09124087591240876
90,L,G,25,0.12437810945273632
91,A,G,82,0.6356589147286822
92,F,G,74,0.30833333333333335
93,T,-,27,0.1569767441860465
94,V,E,72,0.41379310344827586
95,D,E,68,0.35233160621761656
96,D,S,62,0.32124352331606215
97,N,-,119,0.6102564102564103
98,P,-,130,0.8176100628930818
99,T,S,111,0.6453488372093024
100,K,-,184,0.7796610169491526
101,P,-,117,0.7358490566037735
102,T,-,125,0.7267441860465116
103,T,-,135,0.7848837209302325
104,R,-,224,0.8175182481751825
105,Q,-,112,0.49777777777777776
106,R,S,141,0.5145985401459854
107,Y,-,18,0.06844106463878327
108,D,-,77,0.39896373056994816
109,G,T,22,0.21153846153846154
110,S,T,69,0.44516129032258067
111,T,-,8,0.046511627906976744
112,T,-,28,0.16279069767441862
113,A,H,0,0.0
114,M,H,50,0.22321428571428573
115,E,H,86,0.38565022421524664
116,I,H,0,0.0
117,L,H,0,0.0
118,Q,T,84,0.37333333333333335
119,G,T,15,0.14423076923076922
120,R,-,42,0.15328467153284672
121,D,-,74,0.38341968911917096
122,F,-,22,0.09166666666666666
123,T,T,79,0.45930232558139533
124,G,T,54,0.5192307692307693
125,K,-,77,0.326271186440678
126,V,E,6,0.034482758620689655
127,V,E,0,0.0
128,V,E,0,0.0
129,V,E,0,0.0
130,T,E,0,0.0
131,G,T,17,0.16346153846153846
132,A,T,0,0.0
133,N,T,33,0.16923076923076924
134,S,S,63,0.4064516129032258
135,G,H,23,0.22115384615384615
136,I,H,29,0.14720812182741116
137,G,H,1,0.009615384615384616
138,F,H,3,0.0125
139,E,H,28,0.12556053811659193
140,T,H,0,0.0
141,A,H,0,0.0
142,K,H,27,0.11440677966101695
143,S,H,0,0.0
144,F,H,0,0.0
145,A,H,0,0.0
146,L,T,35,0.17412935323383086
147,H,T,22,0.09821428571428571
148,G,T,9,0.08653846153846154
149,A,-,0,0.0
150,H,E,43,0.19196428571428573
151,V,E,0,0.0
152,I,E,0,0.0
153,L,E,0,0.0
154,A,E,1,0.007751937984496124
155,C,E,2,0.011976047904191617
156,R,S,161,0.5875912408759124
157,N,-,74,0.37948717948717947
158,M,H,65,0.29017857142857145
159,A,H,75,0.5813953488372093
160,R,H,138,0.5036496350364964
161,A,H,0,0.0
162,S,H,59,0.38064516129032255
163,E,H,125,0.5605381165919282
164,A,H,1,0.007751937984496124
165,V,H,18,0.10344827586206896
166,S,H,58,0.3741935483870968
167,R,H,98,0.35766423357664234
168,I,H,0,0.0
169,L,H,60,0.29850746268656714
170,E,H,157,0.7040358744394619
171,E,H,100,0.4484304932735426
172,W,-,34,0.11929824561403508
173,H,T,136,0.6071428571428571
174,K,T,136,0.576271186440678
175,A,-,10,0.07751937984496124
176,K,-,123,0.5211864406779662
177,V,E,18,0.10344827586206896
178,E,E,48,0.21524663677130046
179,A,E,21,0.16279069767441862
180,M,E,17,0.07589285714285714
181,T,E,76,0.4418604651162791
182,L,-,7,0.03482587064676617
183,D,-,30,0.15544041450777202
184,L,T,8,0.03980099502487562
185,A,T,11,0.08527131782945736
186,L,-,39,0.19402985074626866
187,L,H,0,0.0
188,R,H,118,0.4306569343065693
189,S,H,20,0.12903225806451613
190,V,H,0,0.0
191,Q,H,64,0.28444444444444444
192,H,H,119,0.53125
193,F,H,4,0.016666666666666666
194,A,H,1,0.007751937984496124
195,E,H,90,0.40358744394618834
196,A,H,50,0.3875968992248062
197,F,H,0,0.0
198,K,H,77,0.326271186440678
199,A,H,87,0.6744186046511628
200,K,T,81,0.3432203389830508
201,N,T,153,0.7846153846153846
202,V,-,41,0.23563218390804597
203,P,-,52,0.3270440251572327
204,L,-,0,0.0
205,H,-,26,0.11607142857142858
206,V,E,5,0.028735632183908046
207,L,E,0,0.0
208,V,E,0,0.0
209,C,E,1,0.005988023952095809
210,N,-,18,0.09230769230769231
211,A,-,16,0.12403100775193798
212,A,-,40,0.31007751937984496
213,T,-,19,0.11046511627906977
214,F,-,46,0.19166666666666668
215,A,S,16,0.12403100775193798
216,L,P,56,0.27860696517412936
217,P,P,93,0.5849056603773585
218,W,P,76,0.26666666666666666
219,S,-,46,0.2967741935483871
220,L,B,90,0.44776119402985076
221,T,-,17,0.09883720930232558
222,K,T,169,0.7161016949152542
223,D,T,11,0.05699481865284974
224,G,S,31,0.2980769230769231
225,L,S,0,0.0
226,E,B,1,0.004484304932735426
227,T,H,16,0.09302325581395349
228,T,H,1,0.005813953488372093
229,F,H,2,0.008333333333333333
230,Q,I,0,0.0
231,V,I,13,0.07471264367816093
232,N,I,0,0.0
233,H,I,0,0.0
234,L,I,0,0.0
235,G,H,0,0.0
236,H,H,1,0.004464285714285714
237,F,H,0,0.0
238,Y,H,20,0.07604562737642585
239,L,H,0,0.0
240,V,H,1,0.005747126436781609
241,Q,H,47,0.2088888888888889
242,L,H,35,0.17412935323383086
243,L,H,0,0.0
244,Q,H,35,0.15555555555555556
245,D,H,60,0.31088082901554404
246,V,H,5,0.028735632183908046
247,L,H,0,0.0
248,C,H,25,0.1497005988023952
249,R,H,168,0.6131386861313869
250,S,T,9,0.05806451612903226
251,A,-,44,0.34108527131782945
252,P,S,67,0.42138364779874216
253,A,E,1,0.007751937984496124
254,R,E,19,0.06934306569343066
255,V,E,1,0.005747126436781609
256,I,E,1,0.005076142131979695
257,V,E,0,0.0
258,V,E,7,0.040229885057471264
259,S,-,1,0.0064516129032258064
260,S,-,15,0.0967741935483871
261,E,G,37,0.16591928251121077
262,S,G,18,0.11612903225806452
263,H,G,0,0.0
264,R,G,88,0.32116788321167883
265,F,S,150,0.625
266,T,-,25,0.14534883720930233
267,D,-,67,0.3471502590673575
268,I,-,0,0.0
269,N,B,15,0.07692307692307693
270,D,-,49,0.2538860103626943
271,S,T,122,0.7870967741935484
272,L,T,134,0.6666666666666666
273,G,S,50,0.4807692307692308
274,K,-,137,0.5805084745762712
275,L,B,29,0.14427860696517414
276,D,-,42,0.21761658031088082
277,F,H,63,0.2625
278,S,H,65,0.41935483870967744
279,R,H,63,0.22992700729927007
280,L,H,4,0.01990049751243781
281,S,S,18,0.11612903225806452
282,P,-,6,0.03773584905660377
283,T,-,77,0.4476744186046512
284,K,T,146,0.6186440677966102
285,N,T,152,0.7794871794871795
286,D,T,110,0.5699481865284974
287,Y,-,35,0.13307984790874525
288,W,-,167,0.5859649122807018
289,A,H,23,0.17829457364341086
290,M,H,53,0.23660714285714285
291,L,H,37,0.18407960199004975
292,A,H,4,0.031007751937984496
293,Y,H,34,0.12927756653992395
294,N,H,13,0.06666666666666667
295,R,H,33,0.12043795620437957
296,S,H,2,0.012903225806451613
297,K,H,4,0.01694915254237288
298,L,H,0,0.0
299,C,H,0,0.0
300,N,H,1,0.005128205128205128
301,I,H,0,0.0
302,L,H,1,0.004975124378109453
303,F,H,4,0.016666666666666666
304,S,H,0,0.0
305,N,H,16,0.08205128205128205
306,E,H,11,0.04932735426008968
307,L,H,0,0.0
308,H,H,30,0.13392857142857142
309,R,H,72,0.26277372262773724
310,R,H,104,0.3795620437956204
311,L,H,1,0.004975124378109453
312,S,G,47,0.3032258064516129
313,P,G,109,0.6855345911949685
314,R,G,125,0.4562043795620438
315,G,T,33,0.3173076923076923
316,V,E,1,0.005747126436781609
317,T,E,9,0.05232558139534884
318,S,E,1,0.0064516129032258064
319,N,E,3,0.015384615384615385
320,A,E,0,0.0
321,V,E,0,0.0
322,H,E,8,0.03571428571428571
323,P,-,13,0.08176100628930817
324,G,-,4,0.038461538461538464
325,N,S,105,0.5384615384615384
326,M,-,83,0.3705357142857143
327,M,-,25,0.11160714285714286
328,Y,-,95,0.3612167300380228
329,S,-,41,0.2645161290322581
330,N,T,136,0.6974358974358974
331,I,T,88,0.4467005076142132
332,H,-,30,0.13392857142857142
333,R,-,240,0.8759124087591241
334,S,S,59,0.38064516129032255
335,W,-,162,0.5684210526315789
336,W,H,191,0.6701754385964912
337,V,H,66,0.3793103448275862
338,Y,H,84,0.3193916349809886
339,T,H,53,0.3081395348837209
340,L,H,91,0.4527363184079602
341,L,H,104,0.5174129353233831
342,F,H,29,0.12083333333333333
343,T,H,71,0.4127906976744186
344,L,H,125,0.6218905472636815
345,A,H,18,0.13953488372093023
346,R,G,181,0.6605839416058394
347,P,G,107,0.6729559748427673
348,F,G,181,0.7541666666666667
349,T,S,29,0.1686046511627907
350,K,P,32,0.13559322033898305
351,S,P,53,0.3419354838709677
352,M,H,50,0.22321428571428573
353,Q,H,27,0.12
354,Q,H,46,0.20444444444444446
355,G,H,0,0.0
356,A,H,0,0.0
357,A,H,1,0.007751937984496124
358,T,H,0,0.0
359,T,H,0,0.0
360,V,H,0,0.0
361,Y,H,36,0.13688212927756654
362,C,H,0,0.0
363,A,H,4,0.031007751937984496
364,A,H,9,0.06976744186046512
365,V,-,0,0.0
366,P,G,78,0.49056603773584906
367,E,G,101,0.452914798206278
368,L,G,10,0.04975124378109453
369,E,T,96,0.4304932735426009
370,G,T,53,0.5096153846153846
371,L,-,91,0.4527363184079602
372,G,-,13,0.125
373,G,S,28,0.2692307692307692
374,M,E,21,0.09375
375,Y,E,4,0.015209125475285171
376,F,E,4,0.016666666666666666
377,N,E,20,0.10256410256410256
378,N,T,56,0.28717948717948716
379,C,T,4,0.023952095808383235
380,C,E,49,0.2934131736526946
381,R,E,147,0.5364963503649635
382,C,E,38,0.2275449101796407
383,M,-,104,0.4642857142857143
384,P,-,14,0.0880503144654088
385,S,-,14,0.09032258064516129
386,P,T,112,0.7044025157232704
387,E,G,28,0.12556053811659193
388,A,G,0,0.0
389,Q,G,84,0.37333333333333335
390,S,-,34,0.21935483870967742
391,E,H,112,0.5022421524663677
392,E,H,133,0.5964125560538116
393,T,H,10,0.05813953488372093
394,A,H,1,0.007751937984496124
395,R,H,141,0.5145985401459854
396,T,H,63,0.36627906976744184
397,L,H,2,0.009950248756218905
398,W,H,6,0.021052631578947368
399,A,H,53,0.4108527131782946
400,L,H,13,0.06467661691542288
401,S,H,0,0.0
402,E,H,65,0.2914798206278027
403,R,H,119,0.4343065693430657
404,L,H,2,0.009950248756218905
405,I,H,7,0.03553299492385787
406,Q,H,142,0.6311111111111111
407,E,H,85,0.3811659192825112
408,R,H,62,0.22627737226277372
409,L,H,44,0.21890547263681592
410,G,H,40,0.38461538461538464
411,S,T,77,0.4967741935483871
412,Q,T,72,0.32
413,S,-,105,0.6774193548387096
414,G,-,125,1.2019230769230769
