pk,drug,d_triad,d_degron,d_helix,residues
12,0.374,10.7,24.7,26.1,"215,216,217,218,287,288,289,290,334,335,338"
11,0.024,25.0,23.1,19.6,"125,127,144,147,148,149,205,206,252,254,363,364"
13,0.019,12.5,18.5,17.6,"131,133,134,135,136,137,138,139,154,155,156,157"
10,0.013,17.9,23.1,25.2,"160,330,331,333"
14,0.011,21.1,31.8,30.5,"328,343,346,349,350,351,354"
2,0.004,21.4,4.9,12.6,"158,179,180,181,186,188,189,192,193,196,222,223"
4,0.001,14.3,27.0,19.2,"305,308,309,372,373,374,375,381,382,383,384,389"
6,0.001,28.7,15.7,16.1,"198,201,202,203,246,249,250"
7,0.001,11.6,16.9,15.5,"275,277,396,399,400,403"
3,0.0,15.5,25.6,21.1,"269,273,274,275,386,387,390,392,393,396"
5,0.0,16.6,27.4,27.5,"328,329,330,332,339,342"
8,0.0,18.3,30.1,25.7,"350,354,357,358,378,379"
9,0.0,15.2,30.5,25.9,"325,348,350,377,378"
15,,25.3,25.9,23.2,"143,144,147,360,364"
