pocket,druggability,volume_A3,dist_triad_A,dist_degron_A,dist_helix_A,lining_residues,class
21,0.374,2139.0,25.4,35.5,29.6,"101,102,103,104,105,106,107,361,367,379",distal/other
19,0.022,421.0,39.3,47.7,42.5,"15,16,51,53,93,94,95,104",distal/other
15,0.021,324.0,15.5,30.6,26.0,"109,325,348,350,377,378",distal/other
24,0.018,459.0,40.6,42.6,40.2,"60,63,82,84,86,87,88,118",distal/other
10,0.013,242.0,51.3,52.1,49.3,"25,26,27,28,33,70,71,72,73,75,85",distal/other
6,0.007,427.0,32.5,25.8,25.7,"61,123,145,148,174,175,176",distal/other
17,0.007,172.0,17.9,23.1,25.2,"160,330,331,333",distal/other
2,0.004,411.0,21.4,4.9,12.6,"158,179,180,181,186,188,189,192,193,196,222,223,412",degron-region
7,0.002,351.0,26.3,26.3,22.2,"57,58,119,120,121,122,125,205,206,252,254,363,364,369",distal/other
25,0.002,731.0,21.1,31.8,30.5,"328,343,346,349,350,351,354",distal/other
12,0.001,433.0,11.6,16.9,15.5,"275,277,396,399,400,403",distal/other
4,0.001,122.0,14.3,27.0,19.2,"305,308,309,372,373,374,375,381,382,383,384,389,391",distal/other
11,0.001,252.0,52.4,56.0,52.0,"27,33,42,43,44",distal/other
23,0.0,412.0,40.6,51.5,46.4,"13,14,15,16,104",distal/other
20,0.0,297.0,10.7,24.7,26.1,"215,216,217,218,287,288,289,290,334,335,338",distal/other
18,0.0,292.0,32.6,30.0,29.7,"61,79,146,171,172",distal/other
3,0.0,393.0,15.5,25.6,21.1,"269,273,274,275,386,387,390,392,393,396",distal/other
16,0.0,390.0,32.1,35.9,31.8,"56,57,60,88,89,92,106,118,119,120,366,367",distal/other
5,0.0,168.0,16.6,27.4,27.5,"328,329,330,332,339,342",distal/other
14,0.0,177.0,39.9,42.1,37.9,"28,29,30,54,55,56,57,58,89,94",distal/other
13,0.0,399.0,29.4,32.0,29.3,"60,61,79,112,114,115,118,119,146,147",distal/other
8,0.0,221.0,39.2,34.7,34.6,"61,62,78,172,173,174",distal/other
9,0.0,471.0,28.7,15.7,16.1,"198,201,202,203,246,249,250",distal/other
22,0.0,335.0,12.6,18.8,17.9,"131,133,134,135,136,137,138,139,154,155,156,157,160,163,164,167,182,183,184,210,211,212,213,214,216,227,231,258,259,260,261,262,265,290,293,297,322,323,324,325,326,327,328,329,330,331,332,342,352",distal/other
26,,,41.1,49.3,43.5,"45,49,50,51,52,94,95,96,97,99,100,101,102",distal/other
